,Country or area,Urban,Latitude,Longitude,1980,2015
0,Japan,Tokyo,35.6895,139.69171,"28,549","38,001"
1,India,Delhi,28.66667,77.21667,"5,558","25,703"
2,China,Shanghai,31.22,121.46,"5,966","23,741"
3,Brazil,São Paulo,-23.55,-46.64,"12,089","21,066"
4,India,Mumbai (Bombay),19.073975,72.880838,"8,658","21,043"
5,Mexico,Ciudad de México (Mexico City),19.427318,-99.141869,"13,028","20,999"
6,China,Beijing,39.91,116.4,"5,366","20,384"
7,Japan,Kinki M.M.A. (Osaka),34.675834,135.553823,"17,028","20,238"
8,Egypt,Al-Qahirah (Cairo),30.04,31.24,"7,349","18,772"
9,United States of America,New York-Newark,40.717042,-74.003663,"15,601","18,593"
10,Bangladesh,Dhaka,23.71,90.41,"3,266","17,598"
11,Pakistan,Karachi,24.9056,67.0822,"5,048","16,618"
12,Argentina,Buenos Aires,-34.61,-58.4,"9,422","15,180"
13,India,Kolkata (Calcutta),22.533455,88.356045,"9,030","14,865"
14,Turkey,Istanbul,41.0138,28.9497,"4,397","14,164"
15,China,Chongqing,29.56,106.55,"2,961","13,332"
16,Nigeria,Lagos,6.45306,3.39583,"2,572","13,123"
17,Philippines,Manila,14.6042,120.9822,"5,955","12,946"
18,Brazil,Rio de Janeiro,-22.9,-43.21,"8,784","12,902"
19,China,"Guangzhou, Guangdong",23.13,113.26,"1,870","12,458"
20,United States of America,Los Angeles-Long Beach-Santa Ana,34.031656,-118.241716,"9,512","12,310"
21,Russian Federation,Moskva (Moscow),55.754996,37.621849,"8,136","12,166"
22,Democratic Republic of the Congo,Kinshasa,-4.33,15.31,"2,053","11,587"
23,China,Tianjin,39.11,117.19,"3,750","11,210"
24,France,Paris,48.85341,2.3488,"8,669","10,843"
25,China,Shenzhen,22.54,114.06,58,"10,749"
26,Indonesia,Jakarta,-6.211831,106.841646,"5,984","10,323"
27,United Kingdom,London,51.50853,-0.12574000000000002,"7,660","10,313"
28,India,Bangalore,12.97194,77.59369000000001,"2,812","10,087"
29,Peru,Lima,-12.04318,-77.02824,"4,438","9,897"
30,India,Chennai (Madras),13.053091,80.24875,"4,203","9,890"
31,Republic of Korea,Seoul,37.568259999999995,126.97783000000001,"8,258","9,774"
32,Colombia,Bogotá,4.61,-74.08,"3,525","9,765"
33,Japan,Chukyo M.M.A. (Nagoya),35.181470000000004,136.90641000000002,"7,777","9,406"
34,South Africa,Johannesburg,-26.202270000000002,28.04363,"3,202","9,399"
35,Thailand,Krung Thep (Bangkok),13.721964000000002,100.525248,"4,723","9,270"
36,India,Hyderabad,17.37528,78.47444,"2,487","8,944"
37,United States of America,Chicago,41.85003,-87.65005,"7,216","8,745"
38,Pakistan,Lahore,31.5497222,74.34361109999999,"2,882","8,741"
39,Iran (Islamic Republic of),Tehran,35.694390000000006,51.42151,"5,079","8,432"
40,China,Wuhan,30.58,114.27,"2,516","7,906"
41,China,Chengdu,30.67,104.07,"2,150","7,556"
42,China,Dongguan,23.02,113.74,137,"7,435"
43,China,"Nanjing, Jiangsu",32.05,118.79,"1,731","7,369"
44,India,Ahmadabad,23.03333,72.61667,"2,484","7,343"
45,"China, Hong Kong SAR",Hong Kong,22.28,114.19,"4,623","7,314"
46,Viet Nam,Thành Pho Ho Chí Minh (Ho Chi Minh City),10.75,106.66667,"2,716","7,298"
47,China,Foshan,23.02,113.12,570,"7,036"
48,Malaysia,Kuala Lumpur,3.1412,101.68653,971,"6,837"
49,Iraq,Baghdad,33.340579999999996,44.40088,"3,145","6,643"
50,Chile,Santiago,-33.46,-70.65,"3,721","6,507"
51,China,Hangzhou,30.29,120.16,"1,141","6,391"
52,Saudi Arabia,Ar-Riyadh (Riyadh),24.690466,46.709565999999995,"1,055","6,370"
53,China,Shenyang,41.79,123.43,"3,418","6,315"
54,Spain,Madrid,40.4165,-3.70256,"4,253","6,199"
55,China,"Xi'an, Shaanxi",34.29,108.94,"1,178","6,044"
56,Canada,Toronto,43.7,-79.42,"3,008","5,993"
57,United States of America,Miami,25.789097,-80.204044,"3,122","5,817"
58,India,Pune (Poona),18.516057,73.86157800000001,"1,642","5,728"
59,Brazil,Belo Horizonte,-19.92,-43.94,"2,441","5,716"
60,United States of America,Dallas-Fort Worth,32.72541,-97.32085,"2,468","5,703"
61,India,Surat,21.16667,72.83333,877,"5,650"
62,United States of America,Houston,29.760192699999998,-95.36938959999999,"2,424","5,638"
63,Singapore,Singapore,1.28967,103.85007,"2,415","5,619"
64,United States of America,Philadelphia,39.95234,-75.16379,"4,540","5,585"
65,Japan,Kitakyushu-Fukuoka M.M.A.,33.6064,130.4181,"4,726","5,510"
66,Angola,Luanda,-8.84,13.23,771,"5,506"
67,China,"Suzhou, Jiangsu",31.3,120.59,556,"5,472"
68,China,Haerbin,45.76,126.65,"1,992","5,457"
69,Spain,Barcelona,41.38879,2.15899,"3,837","5,258"
70,United States of America,Atlanta,33.76,-84.4,"1,625","5,142"
71,Sudan,Al-Khartum (Khartoum),15.551770000000001,32.53241,"1,164","5,129"
72,United Republic of Tanzania,Dar es Salaam,-6.82349,39.26951,855,"5,116"
73,Russian Federation,Sankt Peterburg (Saint Petersburg),59.929857999999996,30.326228000000004,"4,645","4,993"
74,United States of America,"Washington, D.C.",38.895109999999995,-77.03636999999999,"2,777","4,955"
75,Côte d'Ivoire,Abidjan,5.35,-4.03,"1,384","4,860"
76,Mexico,Guadalajara,20.66667,-103.33333,"2,269","4,843"
77,Myanmar,Yangon,16.80528,96.15611,"2,378","4,802"
78,Egypt,Al-Iskandariyah (Alexandria),31.19,29.9,"2,521","4,778"
79,Turkey,Ankara,39.91987,32.85427,"1,891","4,750"
80,Afghanistan,Kabul,34.53,69.17,978,"4,635"
81,China,Qingdao,36.1,120.37,"1,095","4,566"
82,Bangladesh,Chittagong,22.33,91.84,"1,340","4,539"
83,Mexico,Monterrey,25.66667,-100.31667,"2,049","4,513"
84,Australia,Sydney,-33.87,151.21,"3,252","4,505"
85,China,Dalian,38.91,121.6,"1,424","4,489"
86,China,Xiamen,24.48,118.08,491,"4,430"
87,China,Zhengzhou,34.76,113.65,819,"4,387"
88,United States of America,Boston,42.347919,-71.06453,"3,281","4,249"
89,Australia,Melbourne,-37.81,144.96,"2,839","4,203"
90,Brazil,Brasília,-15.78,-47.93,"1,293","4,155"
91,Saudi Arabia,Jiddah,21.516939999999998,39.21917,851,"4,076"
92,United States of America,Phoenix-Mesa,33.449453999999996,-112.074743,"1,422","4,063"
93,China,"Ji'nan, Shandong",36.68,117.0,"1,260","4,032"
94,Canada,Montréal,45.51,-73.59,"2,824","3,981"
95,China,Shantou,23.37,116.71,420,"3,949"
96,Kenya,Nairobi,-1.2833299999999999,36.81667,862,"3,915"
97,Colombia,Medellín,6.25,-75.56,"1,731","3,911"
98,Brazil,Fortaleza,-3.74,-38.54,"1,488","3,880"
99,China,Kunming,25.04,102.72,561,"3,780"
100,China,Changchun,43.88,125.29,"1,655","3,762"
101,China,Changsha,28.23,112.94,830,"3,761"
102,Brazil,Recife,-8.05,-34.88,"2,122","3,739"
103,Italy,Roma (Rome),41.894743,12.481142,"3,390","3,718"
104,China,Zhongshan,22.52,113.38,241,"3,691"
105,South Africa,Cape Town,-33.92584,18.42322,"1,609","3,660"
106,United States of America,Detroit,42.387137,-83.102641,"3,807","3,639"
107,Viet Nam,Hà Noi,21.0245,105.84116999999999,899,"3,629"
108,Israel,Tel Aviv-Yafo (Tel Aviv-Jaffa),32.08088,34.780570000000004,"1,448","3,608"
109,Brazil,Pôrto Alegre,-30.03,-51.23,"2,133","3,603"
110,Nigeria,Kano,12.000119999999999,8.51672,"1,350","3,587"
111,Brazil,Salvador,-12.97,-38.51,"1,683","3,583"
112,Pakistan,Faisalabad,31.4166667,73.08333329999999,"1,079","3,567"
113,Germany,Berlin,52.52437,13.41053,"3,056","3,563"
114,Syrian Arab Republic,Halab (Aleppo),36.213611,37.157140999999996,"1,070","3,562"
115,Senegal,Dakar,14.6937,-17.44406,957,"3,520"
116,Morocco,Dar-el-Beida (Casablanca),33.59278,-7.619160000000001,"2,109","3,515"
117,China,Ürümqi (Wulumqi),43.83,87.6,881,"3,499"
118,China,"Taiyuan, Shanxi",37.86,112.55,"1,106","3,482"
119,Brazil,Curitiba,-25.43,-49.27,"1,310","3,474"
120,India,Jaipur,26.91667,75.81667,984,"3,461"
121,Japan,Shizuoka-Hamamatsu M.M.A.,34.9769,138.3831,895,"3,369"
122,China,Hefei,31.86,117.28,751,"3,348"
123,United States of America,San Francisco-Oakland,37.759881,-122.43739199999999,"2,656","3,300"
124,China,"Fuzhou, Fujian",26.08,119.3,742,"3,283"
125,China,Shijiazhuang,38.04,114.51,991,"3,264"
126,United States of America,Seattle,47.626353,-122.33314399999999,"1,780","3,249"
127,Ethiopia,Addis Ababa,9.02497,38.74689,"1,175","3,238"
128,China,Nanning,22.82,108.32,621,"3,234"
129,India,Lucknow,26.85,80.91667,993,"3,222"
130,Republic of Korea,Busan,35.102779999999996,129.04028,"3,104","3,216"
131,China,Wenzhou,28.0,120.67,949,"3,208"
132,Nigeria,Ibadan,7.38778,3.8963900000000002,"1,186","3,160"
133,China,Ningbo,29.88,121.55,447,"3,132"
134,United States of America,San Diego,32.71533,-117.15726000000001,"1,718","3,107"
135,Italy,Milano (Milan),45.55307,9.18344,"3,168","3,099"
136,Cameroon,Yaoundé,3.87,11.52,415,"3,066"
137,Greece,Athínai (Athens),37.95342,23.74897,"2,987","3,052"
138,China,"Wuxi, Jiangsu",31.54,120.3,773,"3,049"
139,Brazil,Campinas,-22.91,-47.07,"1,109","3,047"
140,Turkey,Izmir,38.412729999999996,27.138379999999998,"1,216","3,040"
141,India,Kanpur,26.46667,80.35,"1,612","3,021"
142,Iran (Islamic Republic of),Mashhad,36.297,59.6062,892,"3,014"
143,Mexico,Puebla,19.041532,-98.204962,"1,021","2,984"
144,Yemen,Sana'a',15.353114999999999,44.20782,238,"2,962"
145,Dominican Republic,Santo Domingo,18.49,-69.9,"1,210","2,945"
146,Cameroon,Douala,4.05,9.7,571,"2,943"
147,Ukraine,Kyiv (Kiev),50.445368,30.518634000000002,"2,201","2,942"
148,Guatemala,Ciudad de Guatemala (Guatemala City),14.612651999999999,-90.530746,"1,152","2,918"
149,Venezuela (Bolivarian Republic of),Caracas,10.488010000000001,-66.87919000000001,"2,575","2,916"
150,South Africa,Durban,-29.8579,31.0292,"1,214","2,901"
151,Portugal,Lisboa (Lisbon),38.71686,-9.139867,"2,449","2,884"
152,China,Guiyang,26.58,106.72,809,"2,871"
153,Dem. People's Republic of Korea,P'yongyang,39.03,125.75,"1,842","2,863"
154,Indonesia,Surabaya,-7.288838,112.741078,"2,008","2,853"
155,United States of America,Minneapolis-St. Paul,44.97307,-93.26989499999999,"1,794","2,791"
156,Kuwait,Al Kuwayt (Kuwait City),29.353429,47.982244,891,"2,779"
157,China,"Tangshan, Hebei",39.63,118.18,758,"2,743"
158,Burkina Faso,Ouagadougou,12.36,-1.54,265,"2,741"
159,China,Lanzhou,36.06,103.79,"1,033","2,723"
160,Ecuador,Guayaquil,-2.17,-79.9,"1,120","2,709"
161,Republic of Korea,Incheon,37.45361,126.73167,"1,062","2,685"
162,India,Nagpur,21.15,79.1,"1,273","2,675"
163,China,Taipei,25.05,121.55,"2,273","2,666"
164,United States of America,Tampa-St. Petersburg,27.94752,-82.45843,"1,362","2,659"
165,Colombia,Cali,3.44,-76.52,"1,192","2,646"
166,United Kingdom,Manchester,53.48095,-2.23743,"2,343","2,646"
167,Madagascar,Antananarivo,-18.91368,47.53613,580,"2,610"
168,United States of America,Denver-Aurora,39.734283000000005,-104.98313799999998,"1,356","2,599"
169,Ghana,Kumasi,6.68848,-1.6244299999999998,452,"2,599"
170,Algeria,El Djazaïr  (Algiers),36.75,3.04,"1,621","2,594"
171,China,"Changzhou, Jiangsu",31.79,119.96,469,"2,584"
172,Japan,Sapporo,43.064170000000004,141.34694,"1,996","2,571"
173,Syrian Arab Republic,Dimashq (Damascus),33.508586,36.308444,"1,376","2,566"
174,India,Coimbatore,10.9925,76.96139000000001,907,"2,549"
175,Indonesia,Bandung,-6.9193929999999995,107.608456,"1,452","2,544"
176,China,Nanchang,28.68,115.88,788,"2,527"
177,Mali,Bamako,12.65,-8.0,489,"2,515"
178,United Kingdom,Birmingham (West Midlands),52.4814,-1.8998,"2,357","2,515"
179,Pakistan,Rawalpindi,33.6,73.0666667,779,"2,506"
180,Canada,Vancouver,49.25,-123.12,"1,247","2,485"
181,India,Kozhikode (Calicut),11.256689999999999,75.778724,528,"2,476"
182,Puerto Rico,San Juan,18.46633,-66.10571999999999,"1,258","2,463"
183,India,Indore,22.71792,75.8333,808,"2,441"
184,Nigeria,Abuja,9.05735,7.48976,125,"2,440"
185,Haiti,Port-au-Prince,18.539170000000002,-72.335,701,"2,440"
186,China,Zibo,36.79,118.06,527,"2,430"
187,India,Kochi (Cochin),9.930693,76.260069,666,"2,416"
188,United Arab Emirates,Dubayy (Dubai),25.272060999999997,55.311265,254,"2,415"
189,Azerbaijan,Baku,40.38,49.89,"1,574","2,374"
190,Paraguay,Asunción,-25.30066,-57.635909999999996,770,"2,356"
191,Nigeria,Port Harcourt,4.777419999999999,7.0134,482,"2,343"
192,India,Thrissur,10.51667,76.21667,203,"2,329"
193,China,Huizhou,23.08,114.4,143,"2,312"
194,Brazil,Goiânia,-16.68,-49.25,737,"2,285"
195,Ghana,Accra,5.556019999999999,-0.1969,863,"2,277"
196,United States of America,Las Vegas,36.169940999999994,-115.13983,438,"2,270"
197,United States of America,Baltimore,39.29038,-76.61219,"1,749","2,267"
198,Uzbekistan,Tashkent,41.26465,69.21627,"1,818","2,251"
199,Republic of Korea,Daegu,35.87028,128.59111000000001,"1,582","2,244"
200,Lebanon,Bayrut (Beirut),33.9,35.48333,"1,623","2,226"
201,India,Malappuram,11.06667,76.06667,112,"2,216"
202,India,Patna,25.6,85.11667,881,"2,210"
203,Indonesia,Medan,3.58333,98.66667,"1,340","2,204"
204,Australia,Brisbane,-27.47,153.03,"1,135","2,202"
205,Italy,Napoli (Naples),40.850178,14.259213,"2,186","2,202"
206,Venezuela (Bolivarian Republic of),Maracaibo,10.63167,-71.64056,923,"2,196"
207,China,Weifang,36.71,119.1,356,"2,195"
208,United States of America,Riverside-San Bernardino,33.95335,-117.39616000000001,714,"2,194"
209,United States of America,St. Louis,38.628612,-90.197197,"1,851","2,184"
210,Brazil,Belém,-1.46,-48.48,827,"2,182"
211,Zambia,Lusaka,-15.413374,28.277147999999997,533,"2,179"
212,Japan,Hiroshima,34.392823,132.460534,"1,825","2,173"
213,Mexico,Toluca de Lerdo,19.283896,-99.65725400000001,600,"2,164"
214,India,Kannur,11.872888,75.371554,147,"2,153"
215,Somalia,Muqdisho (Mogadishu),2.041636,45.343492,551,"2,138"
216,Cuba,La Habana (Havana),23.12,-82.38,"1,913","2,137"
217,Pakistan,Gujranwala,32.15,74.1833333,577,"2,122"
218,China,Yantai,37.47,121.44,241,"2,114"
219,Bolivia (Plurinational State of),Santa Cruz,-17.8,-63.17,324,"2,107"
220,India,Bhopal,23.26667,77.4,655,"2,102"
221,Japan,Sendai,38.256046999999995,140.897639,"1,731","2,091"
222,China,Shaoxing,30.01,120.57,215,"2,076"
223,South Africa,Pretoria,-25.74486,28.187829999999998,688,"2,059"
224,Belgium,Bruxelles-Brussel,50.85,4.35,"1,654","2,045"
225,United States of America,San Antonio,29.424113000000002,-98.49353599999999,949,"2,030"
226,Brazil,Manaus,-3.1,-60.03,604,"2,025"
227,Democratic Republic of the Congo,Lubumbashi,-11.66,27.48,482,"2,015"
228,China,Luoyang,34.62,112.46,538,"2,015"
229,Democratic Republic of the Congo,Mbuji-Mayi,-6.15,23.6,413,"2,007"
230,United States of America,Portland,45.521525,-122.679933,"1,030","2,001"
231,China,Huai'an,33.61,119.01,219,"2,000"
232,Tunisia,Tunis,36.81897,10.16579,"1,047","1,993"
233,Colombia,Barranquilla,10.96,-74.8,961,"1,991"
234,Mexico,Tijuana,32.53333,-117.01666999999999,437,"1,987"
235,China,Nantong,31.99,120.87,371,"1,978"
236,India,Vadodara,22.3,73.2,722,"1,975"
237,Morocco,Rabat,34.01325,-6.83255,808,"1,967"
238,India,Agra,27.183329999999998,78.01666999999999,739,"1,966"
239,India,Thiruvananthapuram,8.50694,76.95694,512,"1,965"
240,China,Baotou,40.65,109.82,835,"1,957"
241,Guinea,Conakry,9.571642,-13.647602,658,"1,936"
242,Uganda,Kampala,0.31628,32.582190000000004,469,"1,936"
243,India,Visakhapatnam,17.681874,83.209685,583,"1,935"
244,Turkey,Bursa,40.19167,29.06111,478,"1,923"
245,Pakistan,Multan,30.183333299999997,71.4833333,715,"1,921"
246,United States of America,Sacramento,38.58157,-121.4944,803,"1,920"
247,China,Xuzhou,34.26,117.19,621,"1,918"
248,Belarus,Minsk,53.9,27.57,"1,320","1,915"
249,United Kingdom,West Yorkshire,53.79843100000001,-1.7648549999999998,"1,496","1,912"
250,China,Haikou,20.03,110.33,348,"1,903"
251,Congo,Brazzaville,-4.27,15.28,446,"1,888"
252,Iran (Islamic Republic of),Esfahan,32.65722,51.677609999999994,767,"1,880"
253,Romania,Bucuresti (Bucharest),44.432787,26.104302,"1,865","1,868"
254,Australia,Perth,-31.95,115.85,922,"1,861"
255,Germany,Hamburg,53.55,10.0,"1,652","1,831"
256,Turkey,Adana,37.001670000000004,35.32889,568,"1,830"
257,Bolivia (Plurinational State of),La Paz,-16.5,-68.15,809,"1,816"
258,Thailand,Samut Prakan,13.59934,100.59675,49,"1,814"
259,Iran (Islamic Republic of),Karaj,35.8355,51.0103,239,"1,807"
260,Mexico,León de los Aldamas,21.123373,-101.680486,690,"1,807"
261,China,Hohhot,40.81,111.65,481,"1,785"
262,India,Nashik,19.98333,73.8,416,"1,779"
263,United States of America,Cleveland,41.498587,-81.687402,"1,751","1,773"
264,Pakistan,Hyderabad,25.3666667,68.3666667,741,"1,772"
265,Saudi Arabia,Makkah (Mecca),21.417368,39.815855,501,"1,771"
266,China,Yangzhou,32.39,119.42,294,"1,765"
267,Italy,Torino (Turin),45.068672,7.677217999999999,"1,860","1,765"
268,India,Vijayawada,16.51667,80.61667,527,"1,760"
269,Austria,Wien (Vienna),48.21,16.37,"1,539","1,753"
270,Pakistan,Peshawar,34.00195,71.55944000000001,535,"1,736"
271,Venezuela (Bolivarian Republic of),Valencia,10.16202,-68.00765,709,"1,734"
272,Cambodia,Phnum Pénh (Phnom Penh),11.56,104.92,238,"1,731"
273,United States of America,Orlando,28.53834,-81.37924,583,"1,731"
274,United States of America,San Jose,37.33939,-121.89496000000001,"1,204","1,730"
275,Ecuador,Quito,-0.23,-78.52,780,"1,726"
276,Poland,Warszawa (Warsaw),52.22977,21.011779999999998,"1,565","1,722"
277,United States of America,Pittsburgh,40.441823,-79.98823,"1,807","1,719"
278,India,Ludhiana,30.9,75.85,590,"1,716"
279,Hungary,Budapest,47.49801,19.03991,"2,057","1,714"
280,Uruguay,Montevideo,-34.833459999999995,-56.16735,"1,454","1,707"
281,China,"Linyi, Shandong",35.05,118.33,128,"1,706"
282,Iraq,Al-Mawsil (Mosul),36.335,43.118888899999995,489,"1,694"
283,United States of America,Cincinnati,39.104721999999995,-84.518783,"1,231","1,688"
284,United States of America,Austin,30.27,-97.74,383,"1,684"
285,Panama,Ciudad de Panamá (Panama City),8.995816,-79.519572,613,"1,673"
286,Iran (Islamic Republic of),Shiraz,29.6036,52.5388,549,"1,661"
287,China,"Taizhou, Zhejiang",28.64,121.42,170,"1,648"
288,United States of America,Indianapolis,39.790942,-86.147685,838,"1,646"
289,Syrian Arab Republic,Hims (Homs),34.731809000000005,36.718125,387,"1,641"
290,Brazil,Grande Vitória,-20.31,-40.31,716,"1,636"
291,China,Handan,36.6,114.47,316,"1,634"
292,Indonesia,Semarang,-6.9932,110.4203,"1,009","1,630"
293,Philippines,Davao City,7.073853999999999,125.61248700000002,614,"1,630"
294,China,Daqing,46.58,125.0,529,"1,621"
295,China,Liuzhou,24.3,109.38,435,"1,619"
296,United States of America,Charlotte,35.227090000000004,-80.84313,353,"1,616"
297,France,Lyon,45.748459999999994,4.84671,"1,278","1,609"
298,France,Marseille-Aix-en-Provence,43.528414,5.443298,"1,372","1,605"
299,United States of America,Kansas City,39.11417,-94.62746,"1,075","1,604"
300,India,Rajkot,22.3,70.78333,434,"1,599"
301,China,Yinchuan,38.47,106.27,242,"1,596"
302,India,Madurai,9.93333,78.11667,893,"1,593"
303,China,Jiangmen,22.58,113.08,157,"1,572"
304,Iran (Islamic Republic of),Tabriz,38.08,46.2919,715,"1,572"
305,Republic of Korea,Daejon,36.32139,127.41972,641,"1,564"
306,China,Anshan,41.12,122.99,967,"1,559"
307,India,Meerut,28.97155,77.71934,523,"1,550"
308,China,Zhuhai,22.28,113.57,39,"1,542"
309,India,Varanasi (Benares),25.316426,82.982198,777,"1,541"
310,Brazil,Baixada Santista,-23.96,-46.33,897,"1,539"
311,Republic of Korea,Gwangju,35.146111,126.91861100000001,719,"1,536"
312,China,Xiangyang,32.01,112.14,287,"1,533"
313,China,Datong,40.08,113.29,565,"1,532"
314,Turkey,Gaziantep,37.05944,37.3825,370,"1,528"
315,China,Kaohsiung,22.63,120.32,"1,160","1,523"
316,Kazakhstan,Almaty,43.247189,76.910127,973,"1,523"
317,China,Jilin,43.85,126.56,777,"1,520"
318,Argentina,Córdoba,-31.41,-64.18,"1,010","1,511"
319,United States of America,"Columbus, Ohio",39.962205,-83.000186,836,"1,505"
320,Zimbabwe,Harare,-17.82935,31.053890000000003,616,"1,501"
321,Russian Federation,Novosibirsk,55.0415,82.9346,"1,329","1,497"
322,Nigeria,Benin City,6.33504,5.62749,335,"1,496"
323,Indonesia,Makassar (Ujung Pandang),-5.1443959999999995,119.423639,629,"1,489"
324,Sweden,Stockholm,59.33258000000001,18.0649,992,"1,486"
325,United States of America,Virginia Beach,36.834497999999996,-76.087179,"1,069","1,460"
326,Indonesia,Palembang,-2.91673,104.7458,779,"1,455"
327,China,Qiqihaer,47.34,123.97,812,"1,452"
328,India,Jamshedpur,22.8,86.18333,653,"1,451"
329,Ukraine,Kharkiv,49.98081,36.252720000000004,"1,466","1,441"
330,Germany,München (Munich),48.137076,11.573377,"1,299","1,438"
331,China,Putian,25.44,119.01,221,"1,438"
332,Brazil,Grande São Luís,-2.54,-44.28,445,"1,437"
333,China,"Yancheng, Jiangsu",33.36,120.16,229,"1,436"
334,India,Srinagar,34.083658,74.797363,592,"1,429"
335,China,"Wuhu, Anhui",31.33,118.38,344,"1,424"
336,India,Kollam,8.880560000000001,76.59167,164,"1,410"
337,United States of America,Milwaukee,43.0389,-87.90647,"1,207","1,409"
338,China,Quanzhou,24.9,118.6,143,"1,395"
339,Indonesia,Batam,1.119078,104.031275,71,"1,391"
340,Mexico,Ciudad Juárez,31.73333,-106.48333000000001,546,"1,390"
341,China,"Jining, Shandong",35.41,116.58,462,"1,385"
342,Argentina,Rosario,-32.95,-60.64,953,"1,381"
343,Russian Federation,Yekaterinburg,56.8575,60.6125,"1,231","1,379"
344,Mongolia,Ulaanbaatar,47.907709999999994,106.88323999999999,423,"1,377"
345,India,Raipur,21.23333,81.63333,327,"1,374"
346,Pakistan,Islamabad,33.703509999999994,73.059373,189,"1,365"
347,New Zealand,Auckland,-36.86667,174.76667,774,"1,344"
348,India,Aurangabad,19.876619,75.34331,303,"1,344"
349,Canada,Calgary,51.04,-114.06,568,"1,337"
350,India,Jabalpur,23.166970000000003,79.95006,740,"1,337"
351,China,Chaozhou,23.67,116.64,157,"1,333"
352,Mexico,Torreón,25.539231,-103.461434,544,"1,332"
353,China,Huainan,32.63,117.0,606,"1,327"
354,Canada,Ottawa-Gatineau,45.42,-75.7,729,"1,326"
355,China,Xining,36.62,101.77,427,"1,323"
356,Czech Republic,Praha (Prague),50.09,14.42,"1,179","1,314"
357,India,Asansol,23.683329999999998,86.98333000000001,356,"1,313"
358,China,Cixi,30.18,121.25,73,"1,303"
359,China,Hengyang,26.88,112.63,334,"1,301"
360,Portugal,Porto,41.149609999999996,-8.61099,"1,104","1,299"
361,China,"Fushun, Liaoning",41.88,123.95,991,"1,298"
362,India,Allahabad,25.45,81.85,640,"1,295"
363,India,Jodhpur,26.239232,73.015787,491,"1,284"
364,Saudi Arabia,Al-Madinah (Medina),24.463501,39.611106,284,"1,280"
365,United Arab Emirates,Sharjah,25.357310000000002,55.4033,117,"1,279"
366,Canada,Edmonton,53.54,-113.5,623,"1,272"
367,Angola,Huambo,-12.78,15.74,153,"1,269"
368,Denmark,København (Copenhagen),55.68,12.57,"1,096","1,268"
369,Mexico,Querétaro,20.6,-100.38333,218,"1,267"
370,Brazil,Maceió,-9.67,-35.74,420,"1,266"
371,India,Amritsar,31.630953,74.875536,604,"1,265"
372,Liberia,Monrovia,6.30054,-10.7969,325,"1,264"
373,China,Yichang,30.71,111.28,324,"1,264"
374,India,Ranchi,23.35,85.33333,480,"1,262"
375,Chad,N'Djaména,12.11,15.04,324,"1,260"
376,Rwanda,Kigali,-1.9473639999999999,30.057896999999997,128,"1,257"
377,Australia,Adelaide,-34.93,138.6,972,"1,256"
378,India,Dhanbad,23.8,86.45,658,"1,255"
379,Switzerland,Zürich (Zurich),47.35785,8.50296,707,"1,246"
380,Bolivia (Plurinational State of),Cochabamba,-17.39,-66.16,289,"1,240"
381,Syrian Arab Republic,Hamah,35.13179,36.75783,241,"1,237"
382,India,Tiruppur,11.11541,77.35455999999999,211,"1,230"
383,Bulgaria,Sofia,42.7,23.32,"1,074","1,226"
384,China,Taichung,24.14,120.67,607,"1,225"
385,United Kingdom,Glasgow,55.86515,-4.257630000000001,"1,728","1,223"
386,India,Gwalior,26.223609999999997,78.17917,544,"1,221"
387,China,"Taian, Shandong",36.19,117.12,116,"1,220"
388,Brazil,Joinville,-26.3,-48.85,378,"1,219"
389,Iran (Islamic Republic of),Ahvaz,31.3203,48.6693,410,"1,216"
390,Colombia,Bucaramanga,7.13,-73.12,473,"1,215"
391,Russian Federation,Nizhniy Novgorod,56.328669999999995,44.00205,"1,357","1,212"
392,Iran (Islamic Republic of),Qom,34.6401,50.8764,330,"1,204"
393,United States of America,Providence,41.824037,-71.417702,990,"1,196"
394,Turkey,Konya,37.87135,32.48464,344,"1,194"
395,Mozambique,Maputo,-25.96528,32.58917,550,"1,187"
396,China,"Taizhou, Jiangsu",32.49,119.9,111,"1,184"
397,Nepal,Kathmandu,27.701690000000003,85.3206,225,"1,183"
398,Serbia,Beograd (Belgrade),44.817648999999996,20.463309,"1,073","1,182"
399,Brazil,Florianópolis,-27.6,-48.55,326,"1,180"
400,Finland,Helsinki,60.169245999999994,24.940216,674,"1,180"
401,South Africa,Port Elizabeth,-33.91799,25.57007,590,"1,179"
402,Viet Nam,Can Tho,10.03333,105.78333,185,"1,175"
403,Morocco,Fès,34.03715,-4.9998,510,"1,172"
404,United States of America,"Jacksonville, Florida",30.332179999999997,-81.65565,601,"1,172"
405,Costa Rica,San José,9.93,-84.08,526,"1,170"
406,Ireland,Dublin,53.333059999999996,-6.24889,903,"1,169"
407,Democratic Republic of the Congo,Kananga,-5.9,22.42,236,"1,169"
408,Myanmar,Mandalay,21.974729999999997,96.08359,499,"1,167"
409,Brazil,Natal,-5.8,-35.21,470,"1,167"
410,Venezuela (Bolivarian Republic of),Maracay,10.246939999999999,-67.59583,456,"1,166"
411,Iraq,Irbil (Erbil),36.19257,44.01062,279,"1,166"
412,Russian Federation,Samara,53.20006,50.15,"1,221","1,164"
413,India,Kota,25.16645,75.856095,346,"1,163"
414,Russian Federation,Kazan,55.788740000000004,49.12214,"1,007","1,162"
415,Russian Federation,Omsk,55.0,73.4,"1,032","1,162"
416,Russian Federation,Chelyabinsk,55.15444,61.429719999999996,"1,046","1,157"
417,South Africa,Vereeniging,-26.67313,27.92615,451,"1,155"
418,Jordan,Amman,31.95522,35.945029999999996,636,"1,155"
419,China,Zhanjiang,21.27,110.36,363,"1,149"
420,Georgia,Tbilisi,41.694109999999995,44.83368,"1,090","1,147"
421,Mexico,San Luis Potosí,22.15,-100.98333000000001,472,"1,147"
422,United Arab Emirates,Abu Zaby (Abu Dhabi),24.464778,54.36178100000001,229,"1,145"
423,China,Anyang,36.09,114.35,308,"1,140"
424,United States of America,Raleigh,35.778897,-78.63747099999999,209,"1,140"
425,India,Chandigarh,30.7343,76.7933,406,"1,134"
426,Morocco,Marrakech,31.63148,-8.008280000000001,416,"1,134"
427,India,Durg-Bhilainagar,21.188706,81.280592,468,"1,129"
428,Libya,Tarabulus (Tripoli),32.87519,13.18746,662,"1,126"
429,Honduras,Tegucigalpa,14.0818,-87.20681,371,"1,123"
430,Indonesia,Pekan Baru,0.53333,101.45,184,"1,121"
431,India,Bareilly,28.35,79.41667,440,"1,111"
432,Nigeria,Onitsha,6.14543,6.78845,257,"1,109"
433,China,Qinhuangdao,39.93,119.59,238,"1,109"
434,Pakistan,Quetta,30.199,67.00971,272,"1,109"
435,Indonesia,Denpasar,-8.65,115.21667,131,"1,107"
436,United States of America,Memphis,35.140814,-90.04745799999999,776,"1,106"
437,India,Tiruchirappalli,10.805,78.68556,599,"1,106"
438,China,Baoding,38.85,115.49,385,"1,106"
439,United States of America,Nashville-Davidson,36.160996000000004,-86.783045,520,"1,105"
440,Kenya,Mombasa,-4.05466,39.66359,350,"1,104"
441,China,Lianyungang,34.6,119.18,270,"1,099"
442,Republic of Korea,Suweon,37.263490000000004,127.02138500000001,303,"1,099"
443,El Salvador,San Salvador,13.68935,-89.18718,701,"1,098"
444,Israel,Hefa (Haifa),32.813261,34.991355,460,"1,097"
445,Russian Federation,Rostov-na-Donu (Rostov-on-Don),47.217791,39.703185,946,"1,097"
446,United States of America,Salt Lake City,40.7547,-111.892622,677,"1,096"
447,Brazil,João Pessoa,-7.12,-34.86,453,"1,093"
448,Colombia,Cartagena,10.4,-75.51,402,"1,092"
449,Netherlands,Amsterdam,52.37403,4.88969,941,"1,091"
450,Niger,Niamey,13.51366,2.1098,275,"1,090"
451,China,Zhuzhou,27.83,113.15,292,"1,083"
452,India,Mysore,12.29791,76.63925,470,"1,082"
453,China,Yiwu,29.32,120.08,47,"1,080"
454,Indonesia,Bogor,-6.606481,106.801891,535,"1,076"
455,Viet Nam,Hai Phòng,20.864810000000002,106.68345,390,"1,075"
456,Turkey,Antalya,36.908120000000004,30.695559999999997,185,"1,072"
457,China,Benxi,41.29,123.77,619,"1,070"
458,Russian Federation,Ufa,54.785169999999994,56.04561999999999,985,"1,070"
459,Mexico,Mérida,20.96667,-89.61667,456,"1,068"
460,China,"Mianyang, Sichuan",31.48,104.74,191,"1,065"
461,Saudi Arabia,Ad-Dammam,26.434420000000003,50.10326,196,"1,064"
462,China,Rizhao,35.4,119.51,101,"1,062"
463,China,"Zhenjiang, Jiangsu",32.2,119.45,280,"1,050"
464,China,Suqian,33.97,118.29,32,"1,050"
465,China,Nanchong,30.8,106.08,218,"1,050"
466,Nigeria,Kaduna,10.52224,7.438280000000001,407,"1,048"
467,Republic of Korea,Yongin,37.235245,127.20329199999999,134,"1,048"
468,Armenia,Yerevan,40.18,44.51,"1,042","1,044"
469,India,Guwahati (Gauhati),26.173547,91.750291,329,"1,042"
470,China,Guilin,25.28,110.29,404,"1,040"
471,Democratic Republic of the Congo,Kisangani,0.52,25.2,291,"1,040"
472,Republic of Korea,Changwon,35.22806,128.68111000000002,604,"1,039"
473,Venezuela (Bolivarian Republic of),Barquisimeto,10.073889999999999,-69.32278000000001,583,"1,039"
474,India,Aligarh,27.883329999999997,78.08333,316,"1,037"
475,Germany,Köln (Cologne),50.93333,6.95,970,"1,037"
476,China,Jinzhou,41.11,121.14,381,"1,035"
477,Mexico,Mexicali,32.65194,-115.46833000000001,343,"1,034"
478,United States of America,Louisville,38.24194,-85.763064,761,"1,032"
479,Mexico,Aguascalientes,21.883329999999997,-102.3,295,"1,031"
480,Myanmar,Nay Pyi Taw,19.745,96.12971999999999,0,"1,030"
481,United States of America,Richmond,37.543207,-77.438159,600,"1,030"
482,China,Zaozhuang,34.86,117.55,245,"1,028"
483,France,Lille,50.63297,3.05858,956,"1,027"
484,China,Yingkou,40.66,122.23,294,"1,026"
485,India,Moradabad,28.83333,78.78333,340,"1,023"
486,Russian Federation,Volgograd,48.719390000000004,44.50184,939,"1,022"
487,Bangladesh,Khulna,22.81,89.56,627,"1,022"
488,India,Hubli-Dharwad,15.458722,75.010582,516,"1,020"
489,Iraq,Al-Basrah (Basra),30.49721,47.81491,372,"1,019"
490,China,Chifeng,42.26,118.92,241,"1,018"
491,China,"Nanyang, Henan",33.0,112.53,162,"1,011"
492,Ukraine,Odesa,46.477470000000004,30.73262,"1,054","1,010"
493,China,"Xiangtan, Hunan",27.83,112.93,357,"1,010"
494,Argentina,Mendoza,-32.89,-68.83,608,"1,009"
495,Russian Federation,Krasnoyarsk,56.009719999999994,92.79167,812,"1,008"
496,Sierra Leone,Freetown,8.484,-13.22994,364,"1,007"
497,China,Puning,23.3,116.16,51,"1,005"
498,Iraq,Sulaimaniya,35.5616667,45.4408333,226,"1,004"
499,India,Salem,11.65,78.16667,511,"1,003"
500,China,Baoji,34.37,107.2,317,"1,001"
501,India,Bhubaneswar,20.23333,85.83333,209,999
502,Lao People's Democratic Republic,Vientiane,17.96667,102.6,211,997
503,China,"Pingdingshan, Henan",33.74,113.3,229,995
504,Belgium,Antwerpen,51.22,4.4,880,994
505,Netherlands,Rotterdam,51.9225,4.47917,912,993
506,Mexico,Cuernavaca,18.91667,-99.25,234,993
507,China,Xinxiang,35.3,113.9,398,991
508,Norway,Oslo,59.91273,10.746089999999999,643,986
509,India,Solapur,17.683329999999998,75.91667,506,986
510,China,Zhangjiakou,40.81,114.88,434,983
511,Russian Federation,Perm,58.01741,56.28552,"1,011",982
512,Morocco,Tanger,35.784721999999995,-5.812778,283,982
513,China,Huaibei,33.95,116.79,182,981
514,China,Ruian,27.78,120.68,96,973
515,China,Jiaxing,30.77,120.75,151,970
516,China,Jinhua,29.08,119.65,95,970
517,Congo,Pointe-Noire,-4.78,11.86,217,969
518,Republic of Korea,Seongnam,37.43861,127.13778,369,968
519,Mauritania,Nouakchott,18.085810000000002,-15.9785,192,968
520,China,Dongying,37.45,118.58,195,967
521,France,Nice-Cannes,43.6646,7.153389999999999,733,967
522,Indonesia,Bandar Lampung,-5.4254,105.258,348,965
523,China,"Jingzhou, Hubei",30.33,112.25,227,964
524,United States of America,Hartford,41.7637111,-72.6850932,731,963
525,China,Yueyang,29.37,113.12,143,962
526,Brazil,Teresina,-5.09,-42.8,390,959
527,China,Tengzhou,35.08,117.16,63,957
528,Ukraine,Dnipropetrovsk,48.45,34.98333,"1,081",957
529,Togo,Lomé,6.13748,1.2122700000000002,344,956
530,Nicaragua,Managua,12.132819999999999,-86.2504,525,956
531,India,Jalandhar,31.325555600000005,75.5791667,400,954
532,Viet Nam,Da Nang,16.051264,108.21242600000001,322,952
533,Philippines,Cebu City,10.31672,123.89071000000001,492,951
534,Nigeria,Aba,5.10658,7.36667,344,944
535,Republic of Korea,Goyang,37.65639,126.835,153,942
536,Mexico,Chihuahua,28.633329999999997,-106.08333,413,941
537,United States of America,Bridgeport-Stamford,41.16704,-73.20483,702,939
538,France,Toulouse,43.60426,1.44367,534,938
539,Mozambique,Matola,-25.962220000000002,32.458890000000004,201,937
540,Philippines,Zamboanga City,6.9103330000000005,122.07504499999999,345,936
541,Ukraine,Donetsk,48.023,37.802240000000005,"1,033",934
542,Mexico,Saltillo,25.41667,-101.0,286,932
543,Turkey,Diyarbakir,37.91583,40.21889,235,926
544,United States of America,Oklahoma City,35.4675,-97.516389,615,926
545,China,"Suzhou, Anhui",33.64,116.97,180,923
546,United States of America,New Orleans,29.95465,-90.07507,"1,077",921
547,Mexico,Tampico,22.21667,-97.85,534,920
548,Mexico,Morelia,19.700779999999998,-101.18443,299,914
549,Pakistan,Bahawalpur,29.4,71.68333,176,913
550,United States of America,Buffalo,42.887934,-78.871593,"1,001",913
551,United States of America,Tucson,32.214476,-110.91819199999999,453,913
552,Malaysia,Johor Bahru,1.4655,103.7578,247,912
553,Russian Federation,Voronezh,51.67204,39.1843,797,911
554,Argentina,San Miguel de Tucumán,-26.82,-65.22,494,910
555,China,Jieyang,23.55,116.37,72,909
556,Chile,Valparaíso,-33.04,-71.63,635,907
557,Malawi,Lilongwe,-13.966920000000002,33.78725,124,905
558,Turkey,Kayseri,38.73222,35.485279999999996,300,904
559,Republic of Korea,Ulsan,35.53722,129.31667,405,904
560,Indonesia,Padang,-0.94924,100.35427,465,903
561,Mexico,Acapulco de Juárez,16.86336,-99.8901,304,900
562,Iran (Islamic Republic of),Kermanshah,34.314170000000004,47.065,370,896
563,China,Fuyang,32.89,115.82,132,893
564,France,Bordeaux,44.84044,-0.5805,633,891
565,China,"Jixi, Heilongjiang",45.3,130.97,418,890
566,Iraq,Najaf,31.997314000000003,44.331352,235,889
567,United Kingdom,Southampton/Portsmouth (South Hampshire),50.911698,-1.40357,691,882
568,Yemen,Adan (Aden),12.798803,45.035902,264,882
569,Mexico,Veracruz,19.2,-96.13333,369,880
570,China,Liuan,31.75,116.5,134,879
571,United States of America,El Paso,31.7775757,-106.44245590000001,457,877
572,China,Wenling,28.38,121.38,72,875
573,Republic of Korea,Bucheon,37.49889,126.78306,211,872
574,United Kingdom,Liverpool,53.41058,-2.9779400000000003,"1,047",870
575,China,Yueqing,28.12,120.96,132,870
576,Kyrgyzstan,Bishkek,42.87,74.59,538,865
577,Indonesia,Samarinda,-0.5,117.15,258,865
578,United States of America,McAllen,26.216263,-98.236385,67,864
579,China,Ma'anshan,31.71,118.5,209,858
580,Algeria,Wahran (Oran),35.69,-0.64,537,858
581,Nigeria,Ilorin,8.5,4.55,389,857
582,Indonesia,Malang,-7.9797,112.6304,508,856
583,China,Huzhou,30.87,120.09,158,854
584,Turkey,Mersin,36.8,34.633333,217,854
585,India,Warangal,18.0,79.58333,325,854
586,Italy,Palermo,38.11582,13.359760000000001,818,853
587,Mexico,Reynosa,26.08333,-98.28333,196,853
588,Honduras,San Pedro Sula,15.5,-88.03333,196,852
589,Colombia,Cúcuta,7.89,-72.51,342,851
590,China,Mudanjiang,44.58,129.6,381,851
591,Peru,Arequipa,-16.398889999999998,-71.535,428,850
592,India,Saharanpur,29.96667,77.55,290,849
593,United States of America,Honolulu,21.30895,-157.82618200000002,584,848
594,Nigeria,Uyo,5.05127,7.9335,80,847
595,Argentina,La Plata,-34.92,-57.95,562,846
596,China,Weihai,37.5,122.11,82,845
597,Mexico,Cancún,21.17429,-86.84656,34,845
598,Mexico,Villahermosa,17.98333,-92.91667,159,845
599,Bangladesh,Rajshahi,24.37,88.6,238,844
600,China,Bengbu,32.94,117.36,350,842
601,Brazil,Campo Grande,-20.46,-54.62,279,841
602,Italy,Bergamo,45.69798,9.66895,612,840
603,Israel,Jerusalem,31.769040000000004,35.21633,395,839
604,Oman,Masqat (Muscat),23.613870000000002,58.5922,120,838
605,United Republic of Tanzania,Mwanza,-2.51667,32.9,120,838
606,Viet Nam,Bien Hoa,10.95,106.81667,193,834
607,Democratic Republic of the Congo,Bukavu,-2.51,28.86,159,832
608,India,Siliguri,26.716109999999997,88.42361,150,832
609,China,Shiyan,32.64,110.78,210,831
610,United States of America,Albuquerque,35.110703,-106.609991,420,827
611,Brazil,Aracaju,-10.91,-37.07,293,825
612,Tajikistan,Dushanbe,38.53575,68.77905,506,822
613,China,Dandong,40.12,124.37,382,821
614,China,Liuyang,28.15,113.63,37,819
615,Chile,Concepción,-36.83,-73.05,448,816
616,China,Tainan,23.13,120.26,594,815
617,Russian Federation,Saratov,51.54056,46.00861,863,815
618,India,Dehradun,30.316670000000002,78.03333,286,812
619,China,Leshan,29.58,103.76,216,812
620,China,Pizhou,34.31,117.95,34,811
621,China,"Pingxiang, Jiangxi",27.63,113.85,283,810
622,Nigeria,Jos,9.91667,8.9,331,810
623,Spain,Valencia,39.46975,-0.37739,745,810
624,China,Liupanshui,26.59,104.84,150,809
625,Malawi,Blantyre-Limbe,-15.784989999999999,35.00854,246,808
626,Russian Federation,Krasnodar,45.0488,38.9725,569,808
627,Canada,Québec,46.81,-71.21,568,805
628,China,Kaifeng,34.79,114.35,423,804
629,Mexico,Hermosillo,29.084507000000002,-110.96718700000001,298,804
630,Eritrea,Asmara,15.333329999999998,38.93333,252,804
631,China,Zunyi,27.71,106.94,183,803
632,China,Ganzhou,25.85,114.93,110,802
633,Brazil,Londrina,-23.31,-51.16,345,798
634,Peru,Trujillo,-8.11599,-79.02998000000001,339,798
635,United States of America,Birmingham,33.515744,-86.801056,606,796
636,Central African Republic,Bangui,4.36,18.55,347,794
637,India,Bhiwandi,19.3,73.06667,112,793
638,Argentina,Santa Fe,-31.63,-60.7,386,792
639,United Kingdom,Newcastle upon Tyne,54.97328,-1.61396,790,791
640,China,Fuxin,42.02,121.66,439,790
641,China,Liaoyang,41.27,123.17,377,789
642,Indonesia,Tasikmalaya,-7.327905,108.216618,164,787
643,China,Xintai,35.9,117.75,248,785
644,Italy,Bologna,44.493809999999996,11.33875,759,784
645,Syrian Arab Republic,Lattakia,35.51484,35.77684,221,781
646,United States of America,Omaha,41.25861111,-95.93777778,513,780
647,Mexico,Tuxtla Gutierrez,16.75,-93.11667,132,780
648,China,Luzhou,28.88,105.44,197,778
649,Republic of Korea,Ansan,37.323609999999995,126.82193999999998,112,776
650,South Africa,Soshanguve,-25.47288,28.099190000000004,174,775
651,China,Laiwu,36.21,117.67,214,773
652,China,Luohe,33.57,114.02,44,772
653,Nigeria,Nnewi,6.0198599999999995,6.91478,60,770
654,Mexico,Culiacán,24.79944,-107.38972,306,762
655,Côte d'Ivoire,Bouake,7.69,-5.03,235,762
656,China,Guigang,23.1,109.61,55,761
657,Somalia,Hargeysa,9.56,44.065,136,760
658,Poland,Kraków (Cracow),50.066777,19.942467999999998,699,760
659,Canada,Winnipeg,49.9,-97.13,581,759
660,Kazakhstan,Astana,51.1801,71.44598,235,759
661,Benin,Abomey-Calavi,6.45,2.36,65,757
662,India,Guntur,16.3,80.45,360,756
663,United Kingdom,Nottingham,52.9536,-1.15047,604,755
664,Ukraine,Zaporizhzhya,47.82289,35.19031,795,753
665,China,Huangshi,30.21,115.09,360,753
666,Burundi,Bujumbura,-3.38,29.36,167,751
667,Kazakhstan,Shimkent,42.3,69.6,327,746
668,Turkmenistan,Ashgabat,37.95,58.38333000000001,323,746
669,Libya,Banghazi,32.11667,20.066670000000002,376,746
670,Canada,Hamilton,43.25,-79.85,544,744
671,Saudi Arabia,Hufuf-Mubarraz,25.41,49.58083,218,743
672,China,Xingtai,37.06,114.49,322,742
673,China,Shaoguan,24.8,113.58,178,741
674,China,Chenzhou,25.8,113.03,94,740
675,China,Changzhi,36.19,113.12,260,738
676,Iran (Islamic Republic of),Orumiyeh,37.55274,45.07605,205,737
677,Malaysia,Ipoh,4.5833330000000005,101.0833,295,737
678,Greece,Thessaloniki,40.64028,22.94389,694,737
679,Syrian Arab Republic,Al-Raqqa,35.95,39.01667,79,736
680,Ukraine,Lvov,49.837969,24.032508,683,735
681,China,Yibin,28.77,104.62,96,734
682,United States of America,Dayton,39.758406,-84.19290600000001,596,733
683,United States of America,Rochester,43.156924,-77.60463299999999,606,733
684,China,Jiaozuo,35.24,113.23,270,732
685,China,Haicheng,40.86,122.74,215,732
686,India,Puducherry,11.93,79.83,243,730
687,Mexico,Xalapa,19.537714,-96.913656,249,729
688,Russian Federation,Tolyatti,53.5303,49.3461,519,728
689,Nigeria,Maiduguri,11.84644,13.16027,287,728
690,Brazil,Sorocaba,-23.5,-47.46,314,727
691,China,Zhangzhou,24.51,117.66,146,726
692,China,Changshu,31.65,120.75,62,726
693,Republic of Moldova,Chişinău,47.005559999999996,28.8575,519,725
694,China,Tianmen,30.65,113.16,157,724
695,India,Gorakhpur,26.759877000000003,83.371379,302,723
696,Burkina Faso,Bobo-Dioulasso,11.18,-4.3,157,721
697,Qatar,Ad-Dawhah (Doha),25.274724,51.524471999999996,153,718
698,China,Zhucheng,35.99,119.4,41,717
699,Morocco,Meknès,33.89352,-5.54727,304,716
700,Nigeria,Owerri,5.4833300000000005,7.030410000000001,122,716
701,Pakistan,Sargodha,32.0833333,72.66666670000001,283,715
702,Germany,Frankfurt am Main,50.11667,8.68333,631,715
703,Tunisia,Safaqis,34.748471,10.756162,304,714
704,Sudan,Nyala,12.05,24.883329999999997,96,714
705,United States of America,Allentown-Bethlehem,40.60908,-75.475962,382,714
706,China,Changde,29.05,111.68,192,714
707,United States of America,Fresno,36.754529,-119.771119,334,712
708,Ghana,Sekondi Takoradi,4.934,-1.7137,197,711
709,United States of America,Tulsa,36.131294,-95.937332,444,711
710,Venezuela (Bolivarian Republic of),Barcelona-Puerto La Cruz,10.21667,-64.61667,287,710
711,China,Shangqiu,34.42,115.65,121,710
712,Iran (Islamic Republic of),Rasht,37.280770000000004,49.58319,222,709
713,Gabon,Libreville,0.3925,9.45365,234,707
714,Sri Lanka,Colombo,6.931939999999999,79.84778,586,707
715,Nigeria,Ikorodu,6.608716,3.5108230000000002,112,706
716,India,Bikaner,28.01667,73.3,282,706
717,United Kingdom,Sheffield,53.38296999999999,-1.4659,643,706
718,Turkey,Eskisehir,39.77667,30.520559999999996,308,705
719,China,Huludao,40.75,120.84,128,704
720,Poland,Łódź,51.759433,19.459957,825,703
721,Nigeria,Zaria,11.11128,7.7227,423,703
722,China,Xinyang,32.13,114.07,207,701
723,Spain,Sevilla,37.38241,-5.97613,646,701
724,Italy,Florence,43.76667,11.25,752,701
725,Spain,Zaragoza,41.65606,-0.87734,583,701
726,China,Yangquan,37.86,113.58,310,699
727,China,Linfen,36.09,111.52,98,699
728,China,Zigong,29.34,104.78,312,698
729,India,Firozabad,27.15,78.41667,197,696
730,Venezuela (Bolivarian Republic of),Ciudad Guayana,8.35122,-62.64102,294,696
731,Yemen,Ta'izz,13.57952,44.02091,122,695
732,India,Amravati,20.933329999999998,77.75,256,693
733,China,Panjin,41.12,122.07,228,693
734,Republic of Korea,Cheongju,36.63722,127.48971999999999,248,693
735,China,Binzhou,37.38,118.01,69,693
736,China,Qingyuan,23.71,113.03,46,693
737,Italy,Genova (Genoa),44.40632,8.933860000000001,886,692
738,China,Xinyu,27.8,114.93,87,692
739,India,Cuttack,20.46497,85.87926999999999,317,691
740,United States of America,Sarasota-Bradenton,27.33643,-82.53065,308,690
741,Democratic Republic of the Congo,Tshikapa,-6.42,20.8,85,690
742,Philippines,Cagayan de Oro City,8.48222,124.64721999999999,229,688
743,Iraq,Karbala,32.5983333,44.023888899999996,195,688
744,Croatia,Zagreb,45.81,15.98,648,687
745,China,Jiangyin,31.92,120.28,52,686
746,China,Chengde,40.97,117.93,123,683
747,Benin,Cotonou,6.37,2.42,337,682
748,China,Jiujiang,29.7,116.0,145,682
749,China,Zhuji,29.71,120.24,51,682
750,Indonesia,Banjarmasin,-3.32442,114.59100000000001,377,682
751,Ukraine,Krivoi Rog,47.91083,33.392491,658,681
752,Nigeria,Enugu,6.4402,7.4943,240,681
753,China,"Xianyang, Shaanxi",34.34,108.7,252,680
754,China,Bazhong,31.87,106.73,27,679
755,China,Liaocheng,36.46,115.98,104,677
756,United States of America,Cape Coral,26.6396,-81.98247099999999,143,677
757,Qatar,Ar-Rayyan,25.29194,51.424440000000004,42,677
758,Republic of Korea,Jeonju,35.821940000000005,127.14889,363,676
759,Libya,Misratah,32.37535,15.09254,115,672
760,China,Guiping,23.39,110.07,27,672
761,Bangladesh,Sylhet,24.9,91.87,209,672
762,India,Jammu,32.727805,74.856879,219,671
763,China,Xiaogan,30.93,113.92,90,671
764,Egypt,Bur Sa'id,31.25654,32.28412,306,670
765,China,Xinghua,32.94,119.84,50,670
766,China,Jiamusi,46.8,130.33,361,669
767,Mexico,Oaxaca de Juárez,17.05,-96.71667,155,668
768,India,Malegaon,20.55,74.53333,242,667
769,China,Panzhihua,26.59,101.71,341,665
770,United States of America,Baton Rouge,30.45075,-91.15455,351,663
771,Nigeria,Warri,5.5166699999999995,5.75,113,663
772,Mexico,Celaya,20.51667,-100.81667,143,661
773,India,Belgaum,15.852120000000001,74.50447,294,660
774,Belgium,Liège,50.63,5.57,632,660
775,India,Mangalore,12.91723,74.85603,299,657
776,Italy,Padova,45.41519,11.88181,546,655
777,Indonesia,Balikpapan,-1.2675299999999998,116.82887,273,655
778,Brazil,Ribeirão  Preto,-21.18,-47.81,299,651
779,United States of America,Concord,37.97798,-122.03107,385,650
780,Iraq,Kirkuk,35.46805560000001,44.3922222,319,650
781,India,Nellore,14.44625,79.9842,228,650
782,Netherlands,s-Gravenhage (The Hague),52.0767,4.2986,623,650
783,Mozambique,Nampula,-15.11646,39.2666,146,650
784,Nigeria,Oshogbo,7.7666699999999995,4.566669999999999,318,650
785,Argentina,Mar Del Plata,-38.0,-57.56,411,650
786,China,Yongzhou,26.44,111.61,69,649
787,United Kingdom,Bristol,51.4552,-2.5966,528,648
788,India,Bhavnagar,21.76667,72.15,302,648
789,Zimbabwe,Bulawayo,-20.15,28.58333,386,648
790,United States of America,Knoxville,35.960749,-83.927657,285,647
791,United States of America,"Springfield, Massachusett, Connecticut",42.10148,-72.5898,506,646
792,China,Tianshui,34.58,105.72,169,644
793,China,"Yichun, Heilongjiang",47.72,128.83,760,644
794,China,"Yichun, Jiangxi",27.81,114.39,90,643
795,Russian Federation,Makhachkala,42.97638,47.502359999999996,259,642
796,China,Anqing,30.54,117.05,165,640
797,Brazil,Uberlândia,-18.92,-48.28,227,639
798,China,Taixing,32.17,120.01,53,638
799,China,Baishan,41.94,126.42,176,637
800,China,Shaoyang,27.24,111.47,141,636
801,China,Leiyang,26.42,112.85,64,635
802,China,Ezhou,30.4,114.88,68,635
803,China,Jimo,36.39,120.46,30,634
804,Saudi Arabia,Taif,21.27028,40.41583,257,631
805,Dem. People's Republic of Korea,Chongjin,41.8,129.78,509,631
806,United States of America,"Columbia, South Carolina",33.999477,-81.03653800000001,312,630
807,Italy,Busto Arsizio,45.61128,8.84914,533,630
808,China,Deyang,31.13,104.38,87,629
809,Italy,Venezia,45.43565,12.339589,631,628
810,Poland,Wrocław,51.1,17.03333,602,628
811,China,Zhaoqing,23.05,112.46,142,626
812,United States of America,Ogden-Layton,41.223,-111.97383,207,626
813,United States of America,Charleston-North Charleston,32.789295,-79.986255,330,626
814,Russian Federation,Tyumen,57.15221999999999,65.52722,374,626
815,Germany,Stuttgart,48.78232,9.177019999999999,583,626
816,State of Palestine,Gaza (incl. Ash Shati Camp),31.510618,34.458756,188,624
817,India,Durgapur,23.520444,87.311923,303,623
818,Russian Federation,Izhevsk,56.849759999999996,53.204480000000004,561,623
819,China,Langfang,39.51,116.69,85,622
820,Latvia,Riga,56.946000000000005,24.10589,840,621
821,Brazil,Jundiaí,-23.19,-46.89,273,620
822,United States of America,Temecula-Murrieta,33.53635,-117.16305,63,619
823,India,Jamnagar,22.46667,70.06667,310,619
824,Italy,Bari,41.11773,16.85118,597,618
825,China,Hegang,47.34,130.29,500,617
826,China,"Suining, Sichuan",30.52,105.56,98,616
827,Philippines,General Santos City,6.11278,125.17166999999999,151,616
828,Russian Federation,Barnaul,53.36056,83.76361,542,615
829,United States of America,Colorado Springs,38.863443,-104.791914,279,614
830,France,Nantes,47.21725,-1.55336,462,613
831,United States of America,Provo-Orem,40.23384,-111.65853,171,613
832,United States of America,Albany,42.66,-73.78,490,613
833,China,Neijiang,29.58,105.06,270,613
834,Colombia,Ibagué,4.44,-75.23,238,612
835,China,Tongliao,43.61,122.27,152,612
836,India,Nanded Waghala,19.161775,77.313728,186,611
837,United States of America,Mission Viejo,33.60002,-117.67200000000001,328,610
838,Turkey,Gebze,40.80276,29.43068,50,609
839,China,Maoming,21.66,110.92,77,609
840,Italy,Verona,45.43419,10.99779,497,606
841,United Kingdom,Belfast,54.594668000000006,-5.929812,449,605
842,United States of America,Bakersfield,35.357276,-119.03166100000001,224,605
843,Indonesia,Jambi,-1.6,103.61667,227,604
844,China,Wuzhou,23.48,111.27,186,604
845,Indonesia,Pontianak,-0.03333,109.33333,301,603
846,China,Liling,27.67,113.5,38,603
847,Germany,Duesseldorf,51.22172,6.776160000000001,594,603
848,Japan,Kumamoto,32.78972,130.74167,423,601
849,Russian Federation,Ulyanovsk,54.32824,48.38657,484,601
850,China,Danyang,32.0,119.57,41,598
851,Colombia,Pereira,4.81,-75.7,279,598
852,China,Dezhou,37.45,116.3,130,596
853,Mexico,Pachuca de Soto,20.116970000000002,-98.73329,111,596
854,China,Yuyao,30.04,121.15,79,596
855,Peru,Chiclayo,-6.773610000000001,-79.84167,267,596
856,Pakistan,Larkana,27.55,68.2166667,119,596
857,China,Linhai,28.85,121.14,93,596
858,Syrian Arab Republic,Tartus,34.893201,35.88844,49,595
859,Republic of Korea,Anyang,37.3925,126.92693999999999,243,595
860,Israel,Be'er Sheva,31.25181,34.7913,279,594
861,India,Gulbarga,17.3333333,76.83333329999999,215,594
862,India,Bokaro Steel City,23.78732,85.95622,249,593
863,India,Cherthala,9.683497000000001,76.33665400000001,40,593
864,India,Kolhapur,16.695629999999998,74.23167,345,591
865,China,Zhoushan,29.99,122.21,103,591
866,Morocco,Agadir,30.424846999999996,-9.593695,187,590
867,India,Jhansi,25.433329999999998,78.58333,277,590
868,China,Huaihua,27.55,109.96,90,590
869,Russian Federation,Vladivostok,43.10562,131.87353000000002,562,590
870,India,Erode,11.3428,77.72740999999999,267,590
871,Zambia,Kitwe,-12.816666699999999,28.2,283,590
872,China,Erduosi (Ordoss),39.59,109.77,33,589
873,Australia,Gold Coast,-28.0,153.43,144,588
874,China,Yanji,42.91,129.51,166,588
875,China,Bozhou,33.87,115.78,91,588
876,Italy,Seregno,45.65238,9.200339999999999,453,588
877,Jamaica,Kingston,17.997020000000003,-76.79358,516,588
878,India,Muzaffarnagar,29.46667,77.68333,167,587
879,Japan,Niigata,37.913894,139.032723,471,586
880,China,Jincheng,35.49,112.85,56,586
881,Brazil,Cuiabá,-15.6,-56.1,264,586
882,Sweden,Göteborg,57.703161,11.966273,467,586
883,Mexico,Durango,24.03333,-104.66667,258,586
884,United States of America,Grand Rapids,42.956393,-85.66488299999999,376,585
885,India,Raurkela,22.224891,84.86175,309,585
886,"China, Macao SAR",Macao,22.2,113.55,243,584
887,Egypt,As-Suways,29.968133,32.547497,234,583
888,Russian Federation,Irkutsk,52.297779999999996,104.29639,561,582
889,Italy,Catania,37.50213,15.08719,548,582
890,China,Kunshan ,31.39,120.96,64,582
891,Saudi Arabia,Tabuk,28.383329999999997,36.58333,116,580
892,Nigeria,Umuahia,5.526269999999999,7.48959,76,580
893,India,Ajmer,26.45,74.63333,367,579
894,Pakistan,Sialkot,32.5,74.5166667,293,579
895,Argentina,Salta,-24.79,-65.41,258,579
896,United States of America,New Haven,41.3019,-72.929857,370,578
897,Dominican Republic,Santiago,19.46,-70.7,274,577
898,China,"Yulin, Guangxi",22.63,110.15,92,577
899,Iraq,Nasiriyah,31.0333333,46.2666667,163,577
900,Russian Federation,Yaroslavl,57.62987,39.87368,602,577
901,Germany,Dortmund,51.51667,7.45,610,577
902,France,Toulon,43.123989,5.933225,443,576
903,Dem. People's Republic of Korea,Hamhung,39.92,127.54,594,576
904,China,Heze,35.25,115.46,69,575
905,China,Dongtai,32.85,120.31,49,574
906,China,Hanchuan,30.65,113.83,44,574
907,Spain,Malaga,36.72016,-4.42034,494,574
908,China,Gaomi,36.38,119.75,65,573
909,Pakistan,Sukkur,27.7,68.8666667,188,573
910,Russian Federation,Khabarovsk,48.48272,135.08379,538,572
911,Brazil,São José dos Campos,-23.18,-45.89,265,572
912,China,Zhangqiu,36.7,117.53,43,569
913,United Republic of Tanzania,Zanzibar,-6.16394,39.19793,118,569
914,China,Xiantao,30.37,113.45,174,569
915,Yemen,Al-Hudaydah,14.79781,42.95452,117,568
916,China,Kuerle,41.76,86.15,83,568
917,China,Dazhou,31.22,107.5,79,568
918,United States of America,Akron,41.08144,-81.51901,516,568
919,India,Kurnool,15.826680999999999,78.035199,201,567
920,Germany,Essen,51.45374,7.010388000000001,650,566
921,Turkey,Samsun,41.283333299999995,36.3333333,197,565
922,China,Qujing,25.49,103.8,89,565
923,Bangladesh,Bogra,24.85,89.37,96,564
924,Iran (Islamic Republic of),Hamadan,34.79922,48.514559999999996,199,563
925,China,Zhumadian,32.98,114.03,81,561
926,Malaysia,Kuching,1.55,110.33333,229,560
927,Saudi Arabia,Buraydah,26.32599,43.97497,105,560
928,China,Quzhou,28.96,118.87,82,560
929,China,Wuhai,39.66,106.81,181,559
930,Philippines,Bacolod,10.650723,122.94598300000001,264,559
931,Venezuela (Bolivarian Republic of),Maturin,9.75,-63.176669999999994,146,558
932,Turkey,Denizli,37.77417,29.0875,134,558
933,Switzerland,Genève,46.202220000000004,6.14569,335,558
934,Syrian Arab Republic,Al-Hasakah,36.50237,40.74772,67,558
935,China,Qinzhou,21.97,108.62,48,557
936,China,"Fuzhou, Jiangxi",27.98,116.36,105,557
937,Iran (Islamic Republic of),Zahedan,29.4963,60.8629,153,556
938,Nigeria,Akure,7.252560000000001,5.1931199999999995,146,556
939,India,Ujjain,23.183329999999998,75.76666999999999,277,556
940,Turkey,Sanliurfa,37.16708,38.79392,148,555
941,Brazil,Feira De Santana,-12.27,-38.97,225,553
942,Nigeria,Sokoto,13.06092,5.23902,169,552
943,Colombia,Villavicencio,4.14,-73.63,123,552
944,Mexico,Tlaxcala,19.31389,-98.24167,171,551
945,Germany,Leipzig,51.339620000000004,12.37129,563,551
946,India,Agartala,23.836389999999998,91.275,130,550
947,India,Tirupati,13.65,79.41667,111,550
948,Germany,Dresden,51.05089,13.738320000000002,516,550
949,Iran (Islamic Republic of),Kerman,30.283209999999997,57.078790000000005,175,550
950,Germany,Bremen,53.07516,8.80777,556,549
951,China,Siping,43.16,124.37,247,547
952,Russian Federation,Orenburg,51.7727,55.0988,470,546
953,Russian Federation,Tomsk,56.49417,84.97417,431,546
954,Poland,Poznań,52.40692,16.92993,542,545
955,India,Sangali,16.85438,74.56416999999999,264,545
956,Russian Federation,Novokuznetsk,53.7557,87.1099,549,545
957,China,Zhoukou,33.62,114.65,115,544
958,China,Yangjiang,21.86,111.96,283,542
959,Brazil,Juiz De Fora,-21.76,-43.35,298,541
960,China,Sanya,18.27,109.5,44,541
961,Mexico,Poza Rica de Hidalgo,20.53315,-97.45945999999999,231,537
962,China,Qitaihe,45.77,130.98,242,537
963,Iran (Islamic Republic of),Ardabil,38.2498,48.2933,188,536
964,United Kingdom,Leicester,52.6386,-1.1317,410,536
965,China,Yuncheng,35.02,110.99,98,535
966,Russian Federation,Kemerovo,55.333330000000004,86.08333,478,533
967,India,Kayamkulam,9.166577,76.50433199999999,87,533
968,Germany,Hannover,52.37052,9.73322,536,533
969,India,Tirunelveli,8.73333,77.7,319,530
970,Iran (Islamic Republic of),Yazd,31.89722,54.3675,165,530
971,India,Mathura,27.5,77.68333,158,529
972,China,Taicang,31.45,121.12,32,529
973,China,Haimen,31.9,121.17,32,529
974,Djibouti,Djibouti,11.59,43.14,126,529
975,India,Vellore,12.93333,79.13333,242,528
976,Pakistan,Sheikhupura,31.713055600000004,73.9783333,135,528
977,Mexico,Matamoros,25.53333,-103.25,189,528
978,Russian Federation,Astrakhan,46.34968,48.04076,467,527
979,China,Cangzhou,38.32,116.87,255,527
980,Thailand,Udon Thani,17.415670000000002,102.78589000000001,72,526
981,Russian Federation,Ryazan,54.6269,39.6916,462,525
982,China,Dengzhou,32.68,112.08,26,524
983,China,Puyang,35.77,115.04,110,523
984,Uzbekistan,Namangan,40.9983,71.67257,237,521
985,China,Fuqing,25.73,119.38,55,521
986,China,Shishi,24.74,118.63,24,521
987,China,Tonghua,41.72,125.93,275,521
988,China,Renqiu,38.7,116.09,40,521
989,China,Loudi,27.73,111.99,54,520
990,China,Miluo,28.81,113.07,21,520
991,China,Zhangjiagang,31.87,120.54,28,520
992,China,Hsinchu,24.81,120.97,258,519
993,China,Hebi,35.75,114.3,101,518
994,Thailand,Chon Buri,13.361125,100.98831899999999,47,518
995,India,Bilaspur,22.078278,82.14574,183,518
996,Myanmar,Bago,17.33667,96.47972,135,518
997,India,Imphal,24.816670000000002,93.95,152,518
998,Colombia,Santa Marta,11.24,-74.2,144,518
999,United States of America,Worcester,42.262599,-71.802347,277,518
1000,Germany,Nurenberg,49.450418,11.075791,484,517
1001,India,Udaipur,24.566108,73.691075,227,517
1002,Russian Federation,Tula,54.202130000000004,37.644290000000005,518,517
1003,Lithuania,Vilnius,54.68916,25.2798,494,517
1004,China,Xuchang,34.02,113.82,213,516
1005,Russian Federation,Penza,53.20066,45.00464,491,515
1006,India,Thoothukkudi (Tuticorin),8.809046,78.136911,245,514
1007,Iran (Islamic Republic of),Arak,34.09174,49.68916,158,514
1008,China,Bijie,27.31,105.28,43,514
1009,Russian Federation,Naberezhnye Tchelny,55.72545,52.41122,323,513
1010,China,Longhai,24.45,117.81,36,512
1011,China,Jinzhong,37.69,112.73,152,512
1012,Somalia,Merca,1.7159400000000002,44.77166,94,511
1013,India,Rajahmundry,17.003789,81.789447,262,511
1014,Morocco,Tétouan,35.571090000000005,-5.37242,186,511
1015,India,Patiala,30.32667,76.40028000000001,202,510
1016,China,Fuyang,30.06,119.94,42,510
1017,Egypt,Al-Mansurah,31.04,31.38,279,509
1018,Russian Federation,Lipetsk,52.60311,39.57076,403,509
1019,United States of America,Toledo,41.656529,-83.549856,486,509
1020,China,Feicheng,36.19,116.77,85,508
1021,Switzerland,Basel,47.5584,7.57327,366,508
1022,India,Gaya,24.78333,85.0,242,508
1023,Iraq,Hillah,32.4825,44.431388899999995,201,507
1024,China,Daye,30.1,114.97,32,507
1025,China,Shouguang,36.88,118.75,51,507
1026,India,Jalgaon,21.009222,75.564353,142,506
1027,China,Chaoyang,41.58,120.45,99,506
1028,China,Dongyang,29.28,120.23,45,505
1029,China,Zengcheng,23.29,113.83,45,505
1030,Indonesia,Surakarta,-7.55611,110.83166999999999,468,504
1031,France,Douai-Lens,50.368243,3.079497,532,504
1032,Gambia,Banjul,13.453099,-16.679433,123,504
1033,France,Grenoble,45.16667,5.71667,435,503
1034,South Africa,Bloemfontein,-29.121059999999996,26.214000000000002,233,503
1035,TFYR Macedonia,Skopje,42.0,21.433329999999998,400,503
1036,Japan,Okayama,34.650667999999996,133.913478,305,502
1037,China,Tongchuan,34.9,108.95,203,501
1038,United States of America,Wichita,37.688848,-97.336226,307,500
1039,Zambia,Ndola,-12.95867,28.63659,280,499
1040,Canada,Kitchener,43.43,-80.51,285,499
1041,China,Tongxiang,30.63,120.55,43,497
1042,Argentina,San Juan,-31.54,-68.54,289,497
1043,Brazil,Vale do Aço,-19.94,-43.94,265,497
1044,United States of America,Des Moines,41.60054,-93.60911,268,497
1045,United Kingdom,Brighton-Worthing-Littlehampton,50.828379999999996,-0.13947,434,497
1046,Nigeria,Bauchi,10.31344,9.84327,104,496
1047,Kazakhstan,Karaganda,49.801088,73.095428,558,496
1048,China,Zaoyang,32.13,112.75,112,496
1049,Morocco,Oujda,34.68052,-1.9076400000000002,241,495
1050,South Africa,Pietermaritzburg,-29.61678,30.39278,198,495
1051,United Kingdom,Edinburgh,55.9521,-3.1965,423,495
1052,Nigeria,Abeokuta,7.15,3.35,273,495
1053,Democratic Republic of the Congo,Likasi,-10.98,26.73,193,494
1054,Bangladesh,Comilla,23.46,91.2,218,493
1055,United States of America,Harrisburg,40.271709,-76.884956,279,493
1056,China,Anqiu,36.43,119.19,44,493
1057,Guinea-Bissau,Bissau,11.86357,-15.59767,115,492
1058,Ukraine,Nikolaev,46.96591,31.9974,449,492
1059,China,Shuangyashan,46.64,131.15,330,491
1060,Japan,Kagoshima,31.570982,130.54846899999998,416,490
1061,China,Tongling,30.94,117.81,183,490
1062,Canada,London,42.98,-81.23,283,489
1063,Saudi Arabia,Jubayl,27.01122,49.65826,54,488
1064,Egypt,Al-Mahallah al-Kubra,30.97,31.16,315,488
1065,Republic of Korea,Cheonan,36.813188000000004,127.140955,118,488
1066,Myanmar,Mawlamyine,16.49051,97.62825,206,487
1067,China,Ankang,32.69,109.03,67,486
1068,China,Songyuan,27.62,119.06,83,486
1069,India,Panipat,29.388890000000004,76.96806,134,486
1070,United States of America,Palm Bay-Melbourne,28.05902778,-80.59833333,215,486
1071,China,Longyan,25.11,117.02,59,486
1072,Ghana,Tamale,9.400780000000001,-0.8393,120,486
1073,Saudi Arabia,Khamis Mushayt,18.30639,42.72917,80,486
1074,Democratic Republic of the Congo,Bunia,1.57,30.25,48,485
1075,China,Heyuan,23.75,114.7,51,483
1076,Belarus,Gomel,52.43,30.98,398,483
1077,United Kingdom,Bournemouth/Poole,50.72048,-1.8795,373,483
1078,Iran (Islamic Republic of),Bandar Abbas,27.1865,56.2808,119,483
1079,China,Hezhou,24.42,111.55,71,482
1080,Russian Federation,Kirov,58.60306800000001,49.668172999999996,402,482
1081,Democratic Republic of the Congo,Kolwezi,-10.71,25.47,261,481
1082,Netherlands,Utrecht,52.09083,5.1222199999999996,320,480
1083,Mexico,Tepic,21.5,-104.9,146,479
1084,India,Kakinada,16.933329999999998,82.21667,222,479
1085,China,Hengshui,37.74,115.68,64,478
1086,Myanmar,Monywa,22.116670000000003,95.13333,94,478
1087,Malaysia,Kota Kinabalu,5.978172,116.116577,109,478
1088,Germany,Duisburg,51.43333,6.75,553,475
1089,Cuba,Santiago de Cuba,20.02,-75.82,339,475
1090,Democratic Republic of the Congo,Goma,-1.68,29.22,68,474
1091,China,Beihai,21.48,109.12,160,473
1092,Turkey,Sakarya,40.773758,30.402377,140,473
1093,Italy,Cagliari,39.20738,9.13462,416,473
1094,Nigeria,Lokoja,7.80236,6.742999999999999,43,473
1095,United States of America,Little Rock,34.742048,-92.275359,295,473
1096,China,Jingjiang,32.01,120.26,31,472
1097,China,"Yiyang, Hunan",28.57,112.35,138,472
1098,Mexico,Puerto Vallarta,20.62041,-105.23066000000001,39,471
1099,China,Pingdu,36.78,119.96,47,471
1100,China,Jiaozhou,36.28,120.0,93,471
1101,China,Qianjiang,30.42,112.89,55,471
1102,China,Xinyi,34.37,118.34,27,471
1103,Egypt,Tanta,30.787176000000002,30.999539000000002,302,471
1104,India,Davangere,14.460849,75.919871,190,469
1105,United Kingdom,Cardiff,51.48,-3.18,344,468
1106,Mexico,Cuautla Morelos,18.8,-98.95,43,468
1107,Brazil,Caxias Do Sul,-29.17,-51.18,197,467
1108,Nigeria,Calabar,4.9517,8.322000000000001,121,467
1109,United States of America,Poughkeepsie-Newburgh,41.60180556,-73.96555556,203,465
1110,France,Rouen,49.44313,1.09932,447,464
1111,Brazil,Pôrto Velho,-8.76,-63.9,100,464
1112,Spain,Murcia,37.98704,-1.13004,285,463
1113,Italy,Brescia,45.52478,10.227269999999999,379,463
1114,China,Shuozhou,39.32,112.42,35,463
1115,United States of America,Greenville,34.849804999999996,-82.397334,184,463
1116,China,Zhongxiang,31.17,112.58,44,462
1117,Italy,Como,45.809979999999996,9.087439999999999,387,461
1118,France,Strasbourg,48.583420000000004,7.742960000000001,372,461
1119,Poland,Gdańsk,54.35205,18.64637,444,460
1120,France,Avignon,43.94834,4.80892,308,460
1121,Russian Federation,Cheboksary,56.13222,47.251940000000005,322,460
1122,Italy,Taranto,40.4625,17.25972,447,459
1123,Philippines,Iloilo City,10.696639,122.562855,246,457
1124,Chile,La Serena-Coquimbo,-29.9,-71.25,141,457
1125,Indonesia,Mataram,-8.58333,116.11667,140,457
1126,India,Bellary,15.15,76.93333,195,457
1127,Turkey,Kahramanmaras,37.5847,36.9264,176,455
1128,China,Haining,30.53,120.69,140,455
1129,China,Sihui,23.35,112.7,32,454
1130,Albania,Tiranë (Tirana),41.33,19.82,194,454
1131,Honduras,Choloma,15.61444,-87.95302,17,453
1132,China,Shizuishan,39.23,106.77,231,453
1133,China,Taishan,22.25,112.79,99,452
1134,Yemen,Ibb,13.96667,44.18333,32,452
1135,Mexico,Orizaba,18.85,-97.1,214,451
1136,Chile,Antofagasta,-23.65,-70.4,175,451
1137,Ukraine,Mariupol,47.06667,37.5,505,451
1138,China,Xinmi,34.54,113.39,13,450
1139,China,Guangyuan,32.44,105.82,192,450
1140,Brazil,Macapá,0.04,-51.07,88,449
1141,China,Chuzhou,32.3,118.32,69,449
1142,Jordan,Zarqa,32.068265000000004,36.088935,221,449
1143,United States of America,Lancaster,40.0378755,-76.3055144,158,449
1144,Colombia,Manizales,5.07,-75.52,256,449
1145,Morocco,Kénitra,34.26101,-6.5802,177,448
1146,United States of America,Winston-Salem,36.102764,-80.260491,172,448
1147,Mozambique,Beira,-19.84361,34.83889,213,448
1148,United Arab Emirates,Al-Ain,24.191670000000002,55.76056,96,447
1149,Brazil,Campos dos Goytacazes,-21.77,-41.32,178,447
1150,Philippines,Lapu-Lapu City,10.31028,123.94944,100,447
1151,Brazil,Volta Redonda,-22.52,-44.1,301,447
1152,United States of America,Reno,39.52963,-119.8138,163,447
1153,China,Longkou,37.64,120.52,36,447
1154,United States of America,Port St. Lucie,27.29393,-80.35033,51,445
1155,Sudan,Port Sudan (Bur Sudan),19.619521,37.212379999999996,184,444
1156,United Republic of Tanzania,Mbeya,-8.9,33.45,85,444
1157,China,Shangyu,30.03,120.87,53,444
1158,United States of America,Madison,43.069697999999995,-89.400114,214,444
1159,Peru,Piura,-5.2,-80.63333,196,444
1160,China,Qingzhou,36.68,118.48,43,444
1161,United Republic of Tanzania,Arusha,-3.3666699999999996,36.68333,62,444
1162,Iraq,Amara,31.834419,47.152446000000005,142,443
1163,Democratic Republic of the Congo,Uvira,-3.4,29.14,48,442
1164,Pakistan,Rahim Yar Khan,28.415126,70.299678,115,442
1165,China,Jinjiang,24.81,118.58,52,442
1166,China,Yongkang,28.9,120.03,38,441
1167,China,Chaohu,31.6,117.87,46,441
1168,China,Zhaodong,46.07,125.99,165,440
1169,Malaysia,Kuantan,3.8077,103.32600000000001,132,440
1170,Nigeria,Ogbomosho,8.132406,4.243307,137,439
1171,India,Akola,20.73333,77.0,221,439
1172,India,Bhagalpur,25.25,87.0,221,439
1173,Nigeria,Abakaliki,6.31625,8.11691,72,439
1174,Pakistan,Jhang,31.267026,72.31259399999999,190,439
1175,India,Muzaffarpur,26.116670000000003,85.4,185,439
1176,China,Jingmen,31.04,112.2,103,439
1177,China,Sanhe,39.98,117.07,19,437
1178,Japan,Matsuyama,33.832390000000004,132.75951,295,437
1179,Republic of Korea,Uijeongbu,37.7415,127.0474,131,437
1180,Belgium,Gent,51.05,3.72,370,435
1181,Peru,Iquitos,-3.737172,-73.25275,169,435
1182,China,Wafangdian ,39.63,121.99,234,434
1183,China,Dali,25.59,100.22,67,434
1184,Egypt,Asyut,27.18096,31.18368,234,433
1185,China,Cenxi,22.92,110.99,35,432
1186,Russian Federation,Ulan-Ude,51.82605,107.60978999999999,307,432
1187,Turkey,Malatya,38.35,38.316666999999995,201,431
1188,Russian Federation,"Kaliningrad, Kaliningrad Oblast",54.714257999999994,20.510017,361,431
1189,China,Ziyang,30.13,104.63,35,431
1190,China,Yanan,36.6,109.48,72,430
1191,Republic of Korea,Siheung,37.455619,126.90240800000001,36,430
1192,China,Gongyi,34.76,112.97,25,429
1193,Bangladesh,Mymensingh,24.75,90.4,148,429
1194,Spain,Palma,39.569390000000006,2.65024,299,429
1195,Afghanistan,Kandahar,31.61,65.71,183,429
1196,China,Enshi,30.29,109.48,50,428
1197,Mexico,Irapuato,20.6784,-101.3465,171,427
1198,Democratic Republic of the Congo,Kikwit,-5.04,18.82,141,427
1199,Algeria,Qacentina,36.35,6.61,376,427
1200,Indonesia,Manado,1.4869999999999999,124.8455,217,426
1201,Brazil,Petrolina,-9.4,-40.5,133,426
1202,Mexico,Nuevo Laredo,27.476290000000002,-99.51639,202,426
1203,Indonesia,Ambon,-3.6954300000000004,128.1814,177,425
1204,Russian Federation,Stavropol,45.0428,41.9734,266,425
1205,Iraq,Baaqoobah,33.75,44.6411111,83,425
1206,India,Latur,18.4,76.58333,109,425
1207,Cameroon,Bamenda,5.95,10.16,66,424
1208,Philippines,Basilan City (including City of Isabela),6.70407,121.97117,197,424
1209,United States of America,Victorville-Hesperia-Apple Valley,34.533991,-117.29584799999999,15,424
1210,Australia,Canberra,-35.28,149.13,223,423
1211,Iran (Islamic Republic of),Sanandaj,35.3144,46.9923,127,423
1212,Malaysia,Seremban,2.7297,101.9381,133,422
1213,Paraguay,Ciudad del Este,-25.51667,-54.61666999999999,33,422
1214,India,Yamunanagar,30.1,77.28333,152,421
1215,India,Kottayam,9.58333,76.51666999999999,96,421
1216,Sudan,Al Obeid (Al Ubayyid),13.18416667,30.21666667,124,420
1217,Italy,Caserta,41.083220000000004,14.334929999999998,341,420
1218,Ukraine,Lugansk,48.56705,39.31706,468,419
1219,China,Zhangye,38.93,100.45,41,419
1220,China,Gaozhou,21.92,110.85,44,419
1221,China,Jianyang,30.39,104.54,42,419
1222,Italy,Latina,41.46614,12.9043,272,418
1223,United States of America,Spokane,47.673341,-117.410271,267,418
1224,Nigeria,Gombe,10.28969,11.16729,99,417
1225,Iran (Islamic Republic of),Zanjan,36.6736,48.4787,133,417
1226,United States of America,Syracuse,43.046788,-76.14749599999999,380,417
1227,Kazakhstan,Aktyubinsk,50.285462,57.162773,198,416
1228,China,Suizhou,31.71,113.36,268,416
1229,Mexico,Mazatlán,23.240665,-106.41430600000001,200,416
1230,China,Laixi,36.87,120.52,31,415
1231,United States of America,Augusta-Richmond County,33.467086,-81.990199,252,415
1232,Russian Federation,Kursk,51.73733,36.18735,382,415
1233,Colombia,Valledupar,10.46,-73.25,121,415
1234,Iran (Islamic Republic of),Eslamshahr,35.562618,51.235883,86,414
1235,Argentina,Resistencia,-27.46,-58.98,217,414
1236,Italy,Salerno,40.67797,14.765989999999999,361,414
1237,Syrian Arab Republic,Deir El-Zor(Deir ez-Zor),35.332233,40.150155,89,414
1238,France,Montpellier,43.61092,3.8772300000000004,250,413
1239,China,Gaoyou,32.78,119.45,38,413
1240,India,Rohtak,28.9,76.5666667,164,413
1241,Colombia,Buenaventura,3.89,-77.07,136,412
1242,United States of America,Lancaster-Palmdale,34.686854,-118.150931,62,412
1243,Peru,Cusco,-13.518329999999999,-71.97806,177,412
1244,Bahrain,Al-Manamah (Manama),26.22,50.58,113,411
1245,United States of America,Kissimmee,28.304679999999998,-81.41667,16,411
1246,China,Fengcheng,28.18,115.78,31,410
1247,United States of America,Daytona Beach-Port Orange,29.1383165,-80.9956105,172,410
1248,China,Meishan,30.08,103.85,34,410
1249,Turkey,Van,38.5,43.3833333,91,410
1250,Algeria,Blida,36.48,2.83,147,409
1251,Thailand,Nonthaburi,13.860207999999998,100.521782,82,409
1252,China,Anshun,26.24,105.93,85,409
1253,China,Changning,26.41,112.4,37,408
1254,Bangladesh,Barisal,22.7,90.37,175,408
1255,China,Liyang,31.42,119.48,39,408
1256,Poland,Szczecin,53.428940000000004,14.553020000000002,388,407
1257,Brazil,São José do Rio Preto,-20.82,-49.38,171,407
1258,Nigeria,Okene,7.550727,6.2336540000000005,45,407
1259,Pakistan,Mardan,34.20195,72.05254000000001,145,407
1260,Pakistan,Gujrat,32.5666667,74.08333329999999,150,406
1261,United States of America,Denton-Lewisville,33.046690000000005,-96.994063,25,405
1262,Russian Federation,Bryansk,53.25209,34.37167,402,405
1263,Iraq,Diwaniyah,31.990509999999997,44.93063,133,405
1264,Canada,Halifax,44.65,-63.58,278,405
1265,China,Chuxiong,25.04,101.54,54,404
1266,United States of America,Indio-Cathedral City-Palm Springs,33.719871000000005,-116.231889,22,404
1267,United States of America,Stockton,37.9577016,-121.29077959999998,198,403
1268,Iran (Islamic Republic of),Qazvin,36.26877,50.0041,172,402
1269,Nigeria,Igbidu,6.068322,8.116942,180,402
1270,Uzbekistan,Andizhan,40.783055600000004,72.34388890000001,238,402
1271,Nigeria,Ado-Ekiti,7.621,5.2215,144,402
1272,United States of America,Chattanooga,35.045473,-85.267255,301,401
1273,Slovakia,Bratislava,48.14816,17.10674,377,401
1274,India,Bhilwara,25.35,74.63333,119,400
1275,United States of America,The Woodlands,30.16299,-95.45577,18,400
1276,Russian Federation,Magnitogorsk,53.41861,59.047219999999996,411,400
1277,India,Sagar,23.840472000000002,78.738458,203,400
1278,Colombia,Armenia,4.53,-75.68,201,400
1279,China,Kelamayi,45.59,84.87,157,399
1280,India,Shillong,25.568920000000002,91.88313000000001,171,399
1281,Russian Federation,Tver,56.860490000000006,35.87603,417,399
1282,Argentina,Santiago Del Estero,-27.8,-64.26,196,397
1283,United States of America,Boise City,43.619505,-116.212301,117,397
1284,China,Shanwei,22.78,115.36,93,397
1285,India,Roorkee,29.86666667,77.88333333,78,397
1286,China,Tieling,42.29,123.84,114,396
1287,China,Dafeng,33.2,120.46,34,396
1288,India,Santipur,23.247220000000002,88.43302,83,396
1289,India,Anantapur,14.683329999999998,77.6,116,395
1290,Nigeria,Katsina,12.98943,7.600630000000001,120,395
1291,Jordan,Ar-Rusayfah,32.01555556,36.04277778,52,395
1292,India,Ahmadnagar,19.08333,74.73333000000001,179,394
1293,China,Bayannaoer,40.75,107.41,51,394
1294,China,Dengfeng,34.46,113.03,15,393
1295,Russian Federation,Ivanovo,56.99719,40.97139,467,393
1296,Canada,St. Catharines-Niagara,43.17,-79.25,303,393
1297,Belgium,Charleroi,50.41,4.44,438,393
1298,India,Dhule,20.9,74.78333,205,392
1299,Japan,Utsunomiya,36.56583,139.88361,256,391
1300,Estonia,Tallinn,59.43696,24.753529999999998,445,391
1301,Brazil,Maringá,-23.43,-51.94,157,390
1302,Czech Republic,Brno,49.2,16.61,370,390
1303,Spain,Las Palmas Gran Canaria,28.110696,-15.434282999999999,361,390
1304,China,Yongcheng,33.93,116.44,27,390
1305,China,Suihua,46.64,126.98,248,390
1306,United States of America,Fayetteville-Springdale,36.186710999999995,-94.12953900000001,78,389
1307,China,Guang'an,30.46,106.64,27,389
1308,Algeria,El Djelfa,34.67,3.26,57,388
1309,India,Brahmapur,19.316670000000002,84.78333,159,388
1310,India,Korba,22.35,82.68333,78,388
1311,Japan,Kanazawa,36.556368,136.642985,316,387
1312,India,Kadapa,14.470954999999998,78.824135,100,387
1313,China,Yanshi,34.73,112.78,15,387
1314,Brazil,Campina Grande,-7.23,-35.88,221,386
1315,United States of America,"Jackson, Mississippi",32.295719,-90.184034,266,386
1316,China,Laizhou,37.18,119.94,62,386
1317,Venezuela (Bolivarian Republic of),Ciudad Bolivar,8.12923,-63.540859999999995,180,385
1318,China,Yixing,31.36,119.78,108,385
1319,Nigeria,Minna,9.61389,6.556939999999999,136,385
1320,Indonesia,Yogyakarta,-7.782780000000001,110.36083,397,385
1321,United States of America,Modesto,37.661479,-120.994543,161,385
1322,China,Xinzheng,34.4,113.74,12,384
1323,China,Yingde,24.2,113.41,53,384
1324,China,Kaiping,22.37,112.7,55,384
1325,China,Fuan,27.09,119.65,30,384
1326,Argentina,Corrientes,-27.48,-58.83,179,384
1327,China,Yuxi,24.36,102.54,38,384
1328,Somalia,Berbera,10.439589999999999,45.01432,65,383
1329,China,Rongcheng,37.15,122.44,41,383
1330,New Zealand,Wellington,-41.286640000000006,174.77557,326,383
1331,United States of America,Oxnard,34.1975,-119.17705,264,383
1332,South Africa,Rustenburg,-25.66756,27.242079999999998,32,383
1333,United States of America,Durham,35.988644,-78.907167,158,383
1334,India,Rampur,28.806232,79.027699,201,382
1335,Thailand,Lampang,18.29232,99.49277,43,382
1336,Turkey,Erzurum,39.908609999999996,41.27694,189,382
1337,China,Baiyin,36.55,104.18,157,382
1338,United Kingdom,Teeside (Middlesbrough),54.57623,-1.2348299999999999,384,382
1339,Nigeria,Gboko,7.326835000000001,9.003405,84,381
1340,China,Xuancheng,30.95,118.75,92,380
1341,India,Alwar,27.562459999999998,76.625,142,380
1342,Venezuela (Bolivarian Republic of),Guarenas-Guatire,10.467360000000001,-66.60663000000001,123,379
1343,India,English Bazar,25.0,88.15,91,379
1344,United States of America,Scranton,41.410629,-75.667411,406,379
1345,Syrian Arab Republic,Al-Kamishli,37.05215,41.23142,87,378
1346,Canada,Oshawa,43.9,-78.85,146,378
1347,India,Purnia,25.78333,87.46667,107,378
1348,China,Jingdezhen,29.29,117.21,208,378
1349,United Kingdom,Stoke-on-Trent (The Potteries),53.0042,-2.1854,378,377
1350,Pakistan,Kasur,31.115,74.4547222,151,377
1351,Iran (Islamic Republic of),Gorgan,36.84165,54.44361,104,377
1352,Nigeria,Ondo,7.1,4.83333,140,377
1353,Brazil,Piracicaba,-22.73,-47.65,178,377
1354,India,Barddhaman,23.240560000000002,87.86944,166,377
1355,China,Liaoyuan,42.9,125.14,253,376
1356,Democratic Republic of the Congo,Mbandaka,0.05,18.26,129,376
1357,Peru,Chimbote,-9.085280000000001,-78.57833000000001,209,375
1358,China,"Ji'an, Jiangxi",27.12,114.98,113,375
1359,China,Jiyuan,35.09,112.58,16,375
1360,Philippines,Mandaue City,10.32361,123.92222,111,374
1361,China,Keelung,25.13,121.74,346,374
1362,Brazil,Montes Claros,-16.74,-43.86,150,374
1363,China,Meizhou,24.3,116.12,91,373
1364,Mexico,Minatitlán,18.0013,-94.5581,108,373
1365,China,Zhuanghe,39.71,122.97,115,373
1366,Australia,Newcastle and Lake Macquarie,-32.92,151.74,292,373
1367,Egypt,Al-Fayyum,29.31,30.84,182,372
1368,Bolivia (Plurinational State of),Sucre,-19.03,-65.26,76,372
1369,United States of America,Youngstown,41.096258,-80.649299,434,372
1370,China,Changyi,36.85,119.39,21,372
1371,South Africa,Witbank,-25.87133,29.23323,65,371
1372,Ukraine,Vinnitsa,49.23278,28.480970000000003,321,371
1373,China,Laiyang,36.98,120.71,93,371
1374,Nigeria,Oyo,7.85,3.93333,142,371
1375,Colombia,Monteria,8.75,-75.88,131,371
1376,Angola,Lubango,-14.92,13.49,54,371
1377,Venezuela (Bolivarian Republic of),San Cristóbal,7.766939999999999,-72.225,216,371
1378,China,Shengzhou,29.59,120.82,49,370
1379,Bangladesh,Rangpur,25.75,89.25,134,370
1380,Niger,Zinder,13.807160000000001,8.9881,66,370
1381,China,"Yulin, Shaanxi",38.28,109.73,52,370
1382,United Kingdom,Coventry-Bedworth,52.4066,-1.5122,354,370
1383,Iraq,Ramadi,33.4166667,43.3,102,370
1384,United States of America,Bonita Springs-Naples,26.339809999999996,-81.7787,6,369
1385,China,Hanzhong,33.07,107.03,82,369
1386,Mexico,Coatzacoalcos,18.15,-94.41667,138,368
1387,Namibia,Windhoek,-22.55941,17.08323,92,368
1388,Thailand,Nakhon Ratchasima,14.97066,102.10195999999999,95,368
1389,Venezuela (Bolivarian Republic of),El Tigre-San José de Guanipa,8.88724,-64.16512,104,368
1390,China,Changge,34.22,113.77,20,367
1391,Zimbabwe,Chitungwiza,-18.01274,31.07555,156,367
1392,Germany,Bochum,51.48333,7.21667,402,367
1393,France,Saint-Étienne,45.43333,4.4,412,367
1394,Mexico,Colima,19.23333,-103.71667,104,367
1395,Russian Federation,Belgorod,50.61074,36.58015,248,367
1396,Somalia,Kismaayo,-0.366667,42.533333,59,366
1397,Argentina,Neuquén-Plottier-Cipolletti,-38.95,-68.06,135,366
1398,Turkey,Batman,37.88738,41.13221,81,365
1399,China,Gaoan,28.43,115.37,26,365
1400,Italy,Pescara,42.46024,14.21021,307,365
1401,Iraq,Kut,32.5,45.8333333,113,364
1402,China,Xinyi,22.36,110.94,30,364
1403,Uzbekistan,Samarkand,39.654166700000005,66.9597222,460,364
1404,Peru,Huancayo,-12.06667,-75.23333000000001,160,364
1405,Turkey,Elazig,38.67431,39.223209999999995,150,363
1406,India,Bijapur,16.82442,75.71537,144,363
1407,Colombia,Pasto,1.21,-77.28,164,363
1408,China,Chizhou,30.66,117.48,27,363
1409,Yemen,Al-Mukalla,14.54248,49.12424,54,363
1410,Republic of Korea,Gumi,36.119127,128.345482,103,363
1411,Philippines,Angeles City,15.15,120.58333,190,363
1412,Russian Federation,Vladimir,56.13655,40.39658,303,362
1413,China,Xingning,24.15,115.73,37,362
1414,China,Wuwei,37.93,102.63,61,362
1415,China,Shangrao,28.46,117.95,79,362
1416,China,Linqing,36.85,115.71,54,362
1417,Chile,Temuco,-38.73,-72.6,149,362
1418,India,Begusarai,25.41666667,86.13333333,66,362
1419,Cameroon,Loum,4.72,9.74,35,362
1420,Ecuador,Cuenca,-2.88,-78.98,137,361
1421,China,Linzhou,36.07,113.82,20,360
1422,China,Jurong,31.95,119.16,24,360
1423,India,Hardwar,29.96667,78.16667,140,359
1424,Iran (Islamic Republic of),Khorramabad,33.48778,48.35583,135,359
1425,China,Xiangcheng,33.44,114.9,29,359
1426,Poland,Bydgoszcz,53.1235,18.007620000000003,343,359
1427,Switzerland,Bern,46.94809,7.447439999999999,287,358
1428,Philippines,Baguio City,16.410801,120.59015600000001,120,358
1429,Chile,Iquique,-20.22,-70.14,102,358
1430,Brazil,Rio Branco,-9.97,-67.81,86,358
1431,India,Ranipet,12.93148,79.332312,93,358
1432,Brazil,Juazeiro Do Norte,-7.21,-39.32,180,358
1433,Venezuela (Bolivarian Republic of),Cabimas,10.38828,-71.43992,182,357
1434,Canada,Victoria,48.43,-123.37,231,357
1435,India,Shahjahanpur,27.883329999999997,79.91667,200,356
1436,France,Béthune,50.53333,2.63333,278,356
1437,China,Weinan,34.5,109.51,67,356
1438,Kazakhstan,Pavlodar,52.3,76.95,280,356
1439,Colombia,Neiva,2.93,-75.28,143,355
1440,China,Laibin,23.74,109.23,27,355
1441,India,Junagadh,21.51667,70.46667,119,354
1442,Viet Nam,Hue,16.46667,107.6,169,354
1443,China,Gongzhuling,43.5,124.82,115,353
1444,Saudi Arabia,Ha'il,27.52188,41.69073,65,353
1445,Belarus,Vitebsk,55.19,30.2,304,353
1446,Switzerland,Lausanne,46.516000000000005,6.63282,226,353
1447,France,Tours,47.38333,0.68333,287,353
1448,Italy,Treviso,45.66667,12.245,267,353
1449,India,Hosur,12.716667,77.81666700000001,25,352
1450,China,Lin'an,30.24,119.72,54,352
1451,Turkey,Sivas,39.75,37.033333299999995,171,352
1452,China,Pinghu,30.7,121.01,39,352
1453,Brazil,Bauru,-22.31,-49.06,179,352
1454,Algeria,Annaba,36.9,7.77,267,352
1455,China,"Lishui, Zhejiang",28.46,119.92,64,352
1456,Viet Nam,Vungtau,10.345989999999999,107.08426000000001,84,351
1457,Philippines,Cotabato,7.223610000000001,124.24638999999999,78,351
1458,New Zealand,Christchurch,-43.53333,172.63333,295,351
1459,China,Hami,42.83,93.52,52,351
1460,Belarus,Mogilev,53.91,30.34,299,351
1461,Spain,Bilbao,43.26271,-2.92528,432,351
1462,Russian Federation,Sochi,43.59917,39.72569,293,351
1463,United States of America,Flint,43.027577,-83.693996,332,351
1464,China,"Xingyi, Guizhou",25.09,104.9,49,350
1465,Saudi Arabia,Najran,17.4924,44.12766,59,350
1466,Cameroon,Bafoussam,5.47,10.42,78,350
1467,Pakistan,Dera Ghazikhan,30.05,70.6333333,99,350
1468,Venezuela (Bolivarian Republic of),Lagunillas,10.13008,-71.25946,101,350
1469,Malaysia,Sandakan,5.8402,118.1179,111,349
1470,Russian Federation,Arkhangelsk,64.56,40.533333299999995,389,349
1471,Malaysia,Kuala Terengganu,5.3302,103.1408,181,349
1472,Mexico,Zacatecas,22.77559,-102.57218,106,349
1473,China,Sanming,26.26,117.62,118,348
1474,United States of America,Pensacola,30.42131,-87.21691,217,348
1475,Australia,Sunshine Coast,-26.66,153.1,88,348
1476,China,Pulandian,39.4,121.97,44,348
1477,Côte d'Ivoire,San Pedro,4.73,-6.62,44,347
1478,Iran (Islamic Republic of),Malard,35.665833,50.976667,9,347
1479,Brazil,Anápolis,-16.33,-48.95,159,347
1480,China,Dujiangyan,31.0,103.63,42,346
1481,Republic of Korea,Pohang,36.017205,129.36021599999998,171,346
1482,Spain,Alicante,38.34517,-0.48149,246,346
1483,India,Dindigul,10.368960000000001,77.98036,161,346
1484,Guinea,Nzérékoré,7.756239999999999,-8.8179,39,346
1485,Poland,Lublin,51.25,22.566670000000002,297,346
1486,India,Shimoga,13.93157,75.56791,148,345
1487,Papua New Guinea,Port Moresby,-9.44314,147.17972,122,345
1488,India,Karimnagar,18.433329999999998,79.15,83,345
1489,Russian Federation,Nizhny Tagil,57.91944,59.965,403,345
1490,China,Xianning,29.84,114.33,82,344
1491,India,Ichalakaranji,16.7,74.46667,130,344
1492,China,Gaocheng,38.02,114.84,26,344
1493,Germany,Wuppertal,51.26667,7.183330000000001,395,344
1494,Italy,Reggio Emilia,44.69825,10.63125,254,344
1495,China,Changji,44.01,87.3,62,343
1496,Philippines,Iligan,8.227400999999999,124.24258600000002,168,343
1497,Nigeria,Okpogho,6.440393,7.284425,59,343
1498,Nigeria,Makurdi,7.7411,8.5121,100,342
1499,Dem. People's Republic of Korea,Wonsan,39.15,127.44,251,342
1500,Italy,Modena,44.64783,10.92539,286,342
1501,Bulgaria,Varna,43.22,27.92,275,342
1502,United Republic of Tanzania,Morogoro,-6.816669999999999,37.66667,69,341
1503,China,Akesu,41.17,80.26,74,340
1504,Belarus,Grodno,53.69,23.83,204,340
1505,Philippines,Batangas City,13.75729,121.05864299999999,144,340
1506,China,Wuchuan ,21.43,110.78,54,339
1507,China,Fangchenggang,21.77,108.35,31,339
1508,Italy,Barletta,41.31183,16.290770000000002,299,339
1509,China,Dashiqiao,40.64,122.5,45,339
1510,Republic of Korea,Gwangmyeong,37.47722,126.86639,166,338
1511,Bulgaria,Plovdiv,42.15,24.75,319,338
1512,Kazakhstan,Semipalatinsk,50.42675,80.26669,277,338
1513,India,Habra,22.83444,88.6275,127,338
1514,Afghanistan,Herat,34.35,62.2,144,337
1515,Mexico,Córdoba,18.883329999999997,-96.93333,115,337
1516,Mexico,Ciudad Victoria,23.73333,-99.13333,141,337
1517,Germany,Bonn,50.73438,7.09548,287,337
1518,Sudan,Wad Medani,14.401179999999998,33.519890000000004,137,337
1519,Democratic Republic of the Congo,Matadi,-5.82,13.47,131,337
1520,United States of America,Greensboro,36.073233,-79.791751,171,337
1521,Egypt,Az-Zaqazig,30.5875,31.50194444,217,337
1522,Venezuela (Bolivarian Republic of),Cumana,10.46354,-64.1775,171,336
1523,China,Huangshan,29.71,118.32,69,336
1524,Mexico,Monclova,26.9,-101.41667,155,335
1525,Sudan,Kassala,15.45099,36.39998,129,335
1526,France,Valenciennes,50.35,3.5333300000000003,350,335
1527,Kenya,Nakuru,-0.28333,36.06667,97,335
1528,Spain,Cordoba,37.88333,-4.7666699999999995,281,335
1529,China,Nankang,25.67,114.76,18,335
1530,Netherlands,Eindhoven,51.44083,5.47778,283,335
1531,United Kingdom,Sunderland,54.9119,-1.3833,203,335
1532,Ukraine,Sevastopol,44.58883,33.5224,308,335
1533,Japan,Oita,33.236487,131.60990900000002,225,334
1534,India,Tumkur,13.342220000000001,77.10167,106,334
1535,United States of America,Corpus Christi,27.742857,-97.401927,246,334
1536,United States of America,Huntsville,34.729703,-86.589848,154,334
1537,Ukraine,Simferopol,44.957190000000004,34.11079,308,333
1538,Venezuela (Bolivarian Republic of),Barinas,8.62261,-70.20749,101,333
1539,Philippines,Butuan,8.94917,125.54361000000002,173,333
1540,Republic of Korea,Jeju,33.50972,126.52193999999999,165,333
1541,China,Tongcheng,31.05,116.96,22,333
1542,Thailand,Rayong,12.68095,101.25798,24,332
1543,Cameroon,Mbouda,5.63,10.26,21,332
1544,Mexico,Ciudad Obregón,27.48333,-109.93333,166,332
1545,China,Qufu,35.6,116.99,37,332
1546,Ukraine,Makeyevka,48.04782,37.92576,435,332
1547,India,Chandrapur,19.95,79.3,112,331
1548,Nigeria,Ife,7.477328,4.558853,144,331
1549,Pakistan,Nawabshah,26.25,68.41666670000001,100,331
1550,Brazil,Boa Vista,2.82,-60.67,42,331
1551,Iran (Islamic Republic of),Qods,35.713011,51.105508,34,331
1552,Argentina,San Salvador de Jujuy,-24.19,-65.3,124,330
1553,China,Heshan,22.77,112.96,27,330
1554,India,Thanjavur,10.8,79.15,181,330
1555,India,Parbhani,19.26667,76.78333,105,330
1556,Egypt,Al-Ismailiyah,30.6,32.27,167,330
1557,Azerbaijan,Sumquayit,40.59,49.67,195,330
1558,United States of America,Mobile,30.694359999999996,-88.04305,296,330
1559,India,Bihar Sharif,25.183329999999998,85.51666999999999,147,330
1560,Nepal,Pokhara,28.233333000000002,83.983333,43,329
1561,United States of America,Round Lake Beach-McHenry-Grayslake,42.354045,-88.10052900000001,42,329
1562,France,Rennes,48.111979999999996,-1.67429,233,329
1563,Mexico,Tehuacán,18.45,-97.38333,80,329
1564,China,Lvliang,37.52,111.13,22,329
1565,United States of America,Fayetteville,35.066663,-78.917579,216,329
1566,Nigeria,Effon Alaiye,7.65,4.91667,112,329
1567,Brazil,Franca,-20.54,-47.4,143,328
1568,United Kingdom,Birkenhead,53.39337,-3.01479,322,328
1569,India,Hisar,29.16667,75.71667,133,328
1570,Romania,Cluj-Napoca,46.76667,23.6,277,327
1571,Russian Federation,Chita,52.03171,113.50086999999999,310,327
1572,United States of America,Fort Wayne,41.078348,-85.12654599999999,237,327
1573,Madagascar,Toamasina,-18.16667,49.38333,91,327
1574,China,Hejian,38.44,116.09,18,327
1575,Russian Federation,Smolensk,54.7818,32.0401,284,327
1576,Indonesia,Sukabumi,-6.9180600000000005,106.92667,109,326
1577,Dem. People's Republic of Korea,Sinuiju,40.1,124.4,271,326
1578,China,Donggang,39.88,124.15,45,326
1579,China,Yining,43.92,81.32,124,326
1580,India,Palakkad,10.7725,76.65139,116,326
1581,Russian Federation,Kurgan,55.45,65.33333,316,325
1582,Turkey,Manisa,38.61202,27.42646,103,325
1583,Iran (Islamic Republic of),Sari,36.563320000000004,53.06009,91,325
1584,United Kingdom,Reading-Wokingham,51.4112,-0.8356,199,325
1585,Argentina,Bahia Blanca,-38.72,-62.27,222,325
1586,China,Macheng,31.18,115.03,78,325
1587,United Kingdom,Preston,53.761025,-2.702435,265,325
1588,Venezuela (Bolivarian Republic of),Merida,8.595239999999999,-71.1434,153,324
1589,Brazil,Ponta Grossa,-25.1,-50.16,171,324
1590,China,Xingyang,34.79,113.38,17,324
1591,India,Darbhanga,26.16667,85.9,173,324
1592,Indonesia,Bengkulu,-3.800278,102.26527800000001,64,324
1593,Azerbaijan,Gäncä,40.68,46.36,238,324
1594,Finland,Tampere,61.499109999999995,23.78712,161,324
1595,Pakistan,Wah,33.764072,72.745029,121,324
1596,Philippines,Lipa City,13.941882999999999,121.16266499999999,122,323
1597,United Arab Emirates,Ajman,25.41111,55.43504,31,323
1598,India,Aizawl,23.724439999999998,92.7175,70,323
1599,Iraq,Faloojah,33.35581,43.786120000000004,75,323
1600,India,Anand,22.566670000000002,72.93333,82,322
1601,Malaysia,Kota Bharu,6.133333,102.25,171,322
1602,China,Xinzhou,38.42,112.73,87,321
1603,Germany,Bielefeld,52.03333,8.53333,313,321
1604,Venezuela (Bolivarian Republic of),Punto Fijo,11.6956,-70.19957,127,321
1605,South Sudan,Juba,4.85165,31.58247,76,321
1606,Japan,Naha,26.21219,127.68728600000001,290,321
1607,India,Bathinda,30.2,74.95,122,321
1608,Kenya,Eldoret,0.52036,35.26992,54,321
1609,India,Nizamabad,18.67154,78.0988,178,321
1610,Belarus,Brest,52.1,23.69,187,321
1611,United States of America,Santa Clarita,34.391659999999995,-118.54258999999999,57,321
1612,China,Shihezi,44.31,86.03,81,320
1613,China,Luoding,22.77,111.57,38,320
1614,United States of America,Santa Rosa,38.44047,-122.71443000000001,138,320
1615,Romania,Timisoara,45.74944,21.227220000000003,283,320
1616,United States of America,Lansing,42.728421999999995,-84.551367,255,320
1617,United Kingdom,Kingston upon Hull,53.748256999999995,-0.334021,327,320
1618,South Africa,East London,-33.01529,27.911620000000003,169,319
1619,Brazil,Blumenau,-26.92,-49.07,144,319
1620,Germany,Mannheim,49.48833,8.46472,306,319
1621,India,Dewas,22.96667,76.06667,81,319
1622,Russian Federation,Surgut,61.258749,73.42440699999999,120,319
1623,Bosnia and Herzegovina,Sarajevo,43.85,18.36,313,318
1624,Pakistan,Okara,30.808055600000003,73.4458333,125,318
1625,Italy,Nola,40.92201,14.53294,244,318
1626,Thailand,Hat Yai,7.0083,100.4767,94,318
1627,Sudan,Al Gadarif,14.03493,35.38344,101,318
1628,Russian Federation,Kaluga,54.5293,36.275420000000004,271,318
1629,United States of America,Ann Arbor,42.27756,-83.74088,209,317
1630,Argentina,Posadas,-27.37,-55.9,142,317
1631,United States of America,Asheville,35.579862,-82.55581,103,317
1632,China,Botou,38.07,116.57,51,316
1633,Ecuador,Santo Domingo,-0.25,-79.17,55,316
1634,Japan,Nagasaki,32.750214,129.876176,345,316
1635,Egypt,Kafr-ad-Dawwar,31.13385,30.128429999999998,163,316
1636,Canada,Windsor,42.28,-83.01,249,315
1637,Brazil,Caruaru,-8.28,-35.98,137,315
1638,Russian Federation,Volzhsky,48.78583,44.77973,217,315
1639,Cuba,Camaguey,21.38,-77.92,240,315
1640,India,Maunath Bhanjan,25.947485,83.558986,85,315
1641,China,Leping,28.97,117.13,28,315
1642,Ethiopia,Mekele,13.496670000000002,39.47528,52,315
1643,China,Yushu,44.82,126.55,96,314
1644,United States of America,Antioch,38.0,-121.81,43,314
1645,Italy,Parma,44.802659999999996,10.32898,280,314
1646,United Kingdom,Newport,51.58471,-2.997939,117,314
1647,Brazil,Uberaba,-19.75,-47.93,179,314
1648,India,Farrukhabad,27.39048,79.58006,157,314
1649,Italy,Vicenza,45.55729,11.5409,252,313
1650,Egypt,Aswan,24.093429999999998,32.90704,160,313
1651,United States of America,Trenton,40.2170534,-74.74293840000001,244,313
1652,Japan,Asahikawa,43.76778,142.37028,298,313
1653,Viet Nam,Nha Trang,12.25,109.18333,176,313
1654,India,Baharampur,24.1,88.25,155,312
1655,United States of America,Lexington-Fayette,38.029632,-84.494642,195,312
1656,Kazakhstan,Ust-Kamenogorsk,49.964659999999995,82.60898,281,312
1657,Morocco,Safi,32.29939,-9.23718,182,311
1658,Russian Federation,Cherepovets,59.13333000000001,37.9,272,311
1659,Russian Federation,Yakutsk,62.03389,129.73306000000002,157,311
1660,China,Zhaoyuan,37.36,120.4,50,311
1661,China,Sanmenxia,34.77,111.2,55,311
1662,United States of America,Rockford,42.271254,-89.095727,204,311
1663,United States of America,Shreveport,32.468003,-93.77111500000001,264,310
1664,Turkmenistan,Tashauz,41.83625,59.96661999999999,87,310
1665,Indonesia,Cirebon,-6.7063,108.557,223,310
1666,Saudi Arabia,Hafar al-Batin,28.425078000000003,45.96883,52,310
1667,United States of America,"Springfield, Missouri",37.208264,-93.291368,139,310
1668,China,Baicheng,45.62,122.84,180,310
1669,India,Jalna,19.83333,75.88333,120,309
1670,India,Satna,24.58333,80.83333,94,309
1671,United Kingdom,Swansea,51.6208,-3.9432,283,309
1672,China,Yuanjiang,28.84,112.36,36,309
1673,Venezuela (Bolivarian Republic of),Acarigua-Aruare,9.55451,-69.19564,125,309
1674,Spain,Valladolid,41.65518,-4.72372,323,309
1675,Kazakhstan,Taraz,42.9,71.36667,269,309
1676,Russian Federation,Vladikavkaz,43.03667,44.66778,282,309
1677,China,Kaili,26.58,107.97,92,308
1678,Brazil,Pelotas,-31.77,-52.34,196,308
1679,Russian Federation,Orel,52.96508000000001,36.0785,310,308
1680,Turkey,Izmit,40.774765,29.949082,193,307
1681,India,Navsari,20.948507,72.93083399999999,125,307
1682,Algeria,Batna,35.56,6.17,124,307
1683,Cuba,Holguin,20.89,-76.26,180,306
1684,Russian Federation,Vologda,59.2187,39.8886,243,306
1685,Republic of Korea,Gimhae,35.23417,128.88111,68,306
1686,Jordan,Irbid,32.55556,35.85,116,306
1687,Germany,Karlsruhe,49.00472,8.38583,271,305
1688,Germany,Muenster (Westfalen),51.96236,7.625710000000001,272,304
1689,United Kingdom,Southend-On-Sea,51.53782,0.71433,265,304
1690,Puerto Rico,Aguadilla-Isabela-San Sebastian,18.427701000000003,-67.154397,251,303
1691,Poland,Katowice,50.25842,19.02754,350,303
